prod_xprod,rotulo_cliente,rotulo_ia
"VACA PARA ABATE - 7,067.000",1,1
PINTINHO,1,1
PINTINHO,1,1
VACA P/ABATE - 21.00,1,1
"GADO EQUINO VIVO - FEMEA QUARTO DE MILHA, NOME: CAPITAL NCONF SAN, REGISTRO: P086207",1,1
FEMEA PARA ABATE 24 A 36 M - 237.570,1,1
1 MINI OSCAR PINTO EROTICO DOURADO / DESPEDIDA DE SOLTEIRA,1,95
VACA P/ABATE - 51.00,1,1
"SEMPRE RAIA UM NOVO DIA RAIA &AMP HERMANN, CLAUDIA &A",1,49
PINTINHO SKV0015,1,1
PINTINHO QUIQUIRIQUI,1,1
O PINTINHO ADOTIVO,1,1
VACA PARA ABATE - 158.800,1,1
PA150042 KIT DIA A DIA C/3 ITENS CEREJA,1,33
BOVINO F PARA ABATE +36M ( 41 VOL),1,1
PINTINHO AMARELINHO,1,1
BIOGELIS VOLUMAX,10,30
"FOLHA DE ARROZ QUADRADA GW 300G CX 36UN;BC ICMS ST: 86,73 ICMS ST: 4,59",10,19
FIBRA TRIGO W-75,10,10
VIKING 7KG,10,
SUPLEMENTO MINERAL - (25KG),10,23
B+ RG O CV VIES RIB R1217 G BRANCO,10,60
PANAQUE AMBRUSTERI L027,10,3
POLYBLEM MILHO PLANT NO-TOP 32-11-00 (PARCIAL) (BG 1000 KG),10,31
SS M 6410 TRAT C/ SK (CAMISC) (SC),10,84
TUPCX PB ARROZ 2KG +FEIJ+SAL G,10,21
PLATAF. MILHO MAESTRA 13X45,10,84
FECHAMENTO MILHO MF34,10,73
FIBRA DE TRIGO FINA KG,10,10
PENDAO MILHO ROSA,10,10
CATTLEYAS DIVERSAS COD. A,10,6
SAIDA MATERNIDADE TRICOT PONTO ARROZ VERMELHO 02 PECAS,10,61
KIT ESSENCIAIS CERVEJEIRO - COMBO CEVADA,10,10
PLATAF DE MILHO 6 LINHA JJC0240407,10,84
MATUTO INSULINIUM 90G,10,30
MILHO 3D FESTA JUNINA 35CM,10,95
PAPEL ARROZ,10,48
STE ODILE INSTAGRAM - HOCANM12857745,10,
MILHO COM CORDA 1 UNID,10,95
T10559 EM SINTETICO MRK INDIGO/NESCAU/NB QUINOA,10,64
POINSENTIA 28CM - FL2389,10,6
PC CHIPART TIO BLACK CHP0120,10,84
CARVAO CAPAO BONITO 6K,10,27
FLOR C/PETA PON,10,6
KIT 4 TELAS MILHETO,10,73
PAPEL ARROZ 3 KG,10,19
AMARANTO 33,10,10
FEIJO CARIOCA GUACIRA 1KG,10,7
AMOSTRA HUMIDICOLA,10,10
DIE FOR YOU - EXPERIMENTAL TAMANHO::G,10,49
MILHO DE BISCUIT MINIATURA 10 UNIDADES - APLIQUE FESTA JUNINA BISCUIT,10,96
KIT MILHO VSET,10,84
PLACA 20A12 VIP3,10,85
"LATA GRAOS, PR100",10,73
231.AC.41002  231155004  PONCHO,10,61
LAVANYA ROSEMARY CX0.5KG,10,12
BRIQFENO,10,
GNB POP UP ROMA COMPOTAS,10,20
B2620 (SCE2620) SNZ ROLT 1,10,84
BOCA MILHO REX,10,84
SUPLEMENTO MINERAL BELLPESO SVSC,10,23
CATTLEYAS DIVERSAS COD. D,10,6
EMBALAGEM ARROZ GUACIRA 1KG T1 PARBOILIZADO,10,10
DESCARTE DE CASCA DE ARROZ,10,10
ESCORRED ARROZ INX 14865 YAZI,10,73
FLOR DE TRIGO,10,10
PAPEL ARROZ CARROS,10,19
BALD MADU PIPOCA VERDE B 01UN,10,20
REPLICA MILHO 3M,10,39
LOTE CORSINI - FAZENDA SILVA W2 - PCT 250G - GRAOS,10,9
VAXXON SHS L 2000 DS,10,0
ALMOFADA POPCORN PIPOCA,10,94
SACO DE MILHO 40 KG,10,10
FAZENDA SITIO SOALHEIRO - ED. OUTUBRO/2022 QUANTIDADE:250G;GRAO OU MOIDO?:GRAO,10,9
MACO ROBUSTO GRAND AMAZONIA,10,
JACARANDA MIMOSO,11,44
DESCON C12 COMP,11,
LAMINA AVEIA FIBRA GERMEN FARINHAS OC: MT84119110843,11,11
2KG FARINHA DE AMENDOA + 1KG XILITOL,11,29
PANTANAL 500G,11,11
DESINFESTADOR PARA FARINHA TP MOD DFI,11,84
MIST LAV MC PURE RB8906 BA DOURADO/BRANCO= RUBINETTOS(M0STRUARIO) RUBINETTOS,11,84
"PRODUTOS NAO LISTADOS - PELICULA, SABUGO E QUIRERA DE MILHO",11,11
FARINHA DE SANGUE - 831.0000,11,23
BOB PLAST FARINHA DE MILHO DONANA 500G,11,11
PE MLQ YOKI 306 G,11,11
FIBRA DE TRIGO K LIFE 250G,11,11
CANOINHA T9430-259 / NAPA SINGAPURA AVEIA / NAPA SINGAPURA AVEIA / NAPA SINGAPURA AVEIA / _ LIGHT PEACH / _ OURO / FORRO,11,64
FARINHA DE AMORA KG 1178 FAZENDA SAO FRANCISCO KG,11,11
FIBRA TRIGO KININO 250G KININO UN,11,11
POLVILHO AZEDO AMAFIL 500G,11,11
FIBRA DE TRIGO ZAELI 10X300 FD,11,11
WAXY MAIZE - PACOTE 1KG - GROWTH SUPPLEMENTS SABOR:NATURAL,11,11
SACOS DE PAPEL KRAFT FECULA DE MANDIOCA ARGO FOODS SC 25 KG,11,48
VIDROLUX BB5 LTS GIRASSOL,12,12
"CATUABA PRETA APARELHADA ATE 1,90 MTS P/ PALETES",12,44
ESS MORANGO 057 50ML,12,33
ENTRADA DE CANA DIA 06 07 2024,12,12
TOCA CASA HAMISTER ANAO RUSSO ROEDORES PEQUENO PORTE,12,39
BALILA / BALILA / LINHACA - 26,12,12
CAPIM COM SEMENTE - UN 1,12,12
FOX / 7152360/ QAM 1252 / 9BWAB45Z2K4009460/ CAMPO GRANDE,12,
IPE ROSA,12,44
"CYTOBIOL IRIS A 2 (0,100)",12,30
PHILLIPS TABS HORT C12,12,30
OSCILLOC 200K C6,12,30
MARCA PAGINAS E LAPIS COM SEMENTE DE COENTRO QUEM SEMEIA AMOR LARANJA - CARTOES GIGANTES,12,49
AMERICANO ESPECIAL INDIANO,12,12
JALAPA RAIZ,12,12
MUTAMBA COM CABO (CRASPEDIA),12,6
COZINHADOR DE GRAOS 4 ESTAGIOS 50 TONS HORA MARCA TECNAL,12,84
KIT 20700 NORI P,12,0
XXXXPROEQUI ORIGINAL 40KG,12,12
ENTRADA DE CANA 060922,12,84
SALT GROSSO MOSTARDA EM GRAOS E ALECRIM GOURMET 500 G,12,12
CAIXA SEMENTE 6Z DUPLA SFIL SOJA,12,12
MICROLOTE POMAR DA SERRA (EDICAO FRUTADO) - EM GRAOS - 1KG,12,9
ENTRADA DE CANA DIA 07 06 2023,12,12
ALFAFA - EXTRATO 60ML,12,13
SALT GROSSO MOSTARDA EM GRAOS E ALECRIM GOURMET 500 G,12,12
INOCULANTE SOJA TURFOSO NITROBACTER TF,12,38
"IPE ROXO 2,00 MTS",12,44
POLACIL 100 FOLHAS,12,48
TOCA NATURAL PORQUINHO DA INDIA GOLDEN P,12,39
TENENTE MADRUGUEIRO OE - 44,12,12
RAS AV SHOES TD JE2244. AMEND,12,64
"AKYNZEO C/1 COMP - VLR ICMS DESON: R$ 15,10 VLR DO PROD SEM O ICMS: R$ 362,34",12,30
OUTROS PRODUTOS DA AGRICULTURA - CANA FORRAGEIRA - OUTRAS PR,12,12
SALSAPARRILHA RAIZ,12,12
ROTULO OREGANO 25G,12,48
PINGENTE PRATA PIMENTA CRUZ OLHO GREGO,12,71
FILODENDRO MICANS,12,6
"LATA GRAOS SEIJI 2,3 L CAS HOME STYLE:VERDE",12,73
1117 - IPê - BALIZADOR QUARTZO,12,94
ENTRADA DE CANA 180921,12,84
CAMOMILA FLOR 1KG,12,12
(9788539422708)50 BRINCADEIRAS VERMELHA (EDI GIRAS),12,49
PCT BRUX MISTO U,12,12
TRANSBORDO CANA VTX21000 TMA,12,87
PAPA RATO GIRASSOL S/CASCA UND **,12,12
ENTRADA DE CANA 040622,12,12
UNHA 416-B/D,12,82
"10 GINSENG $10,00",12,12
S.MIL.2M91PRO3 TC LOTE 20140197 PEN 20RC BOL.ANAL.212 VAL.10/21 PUR. 100.0 GERM. 98 TERMO DE CONF. 212/20/GO CAT.S1,12,12
OUTROS PRODUTOS DA AGRICULTURA - CANA FORRAGEIRA - OUTRAS PR,12,12
FORMULA C/CACTIN 2G,12,21
ACUCAR BRUTO DE CANA VHP (SACO 50KG),12,17
CAIXA DE SEMENTE - 7038102M1-VT,12,84
BOI TF - 315.500,12,1
NITROSPHERA SOJA TURFA COM 600 G 10 DS,12,38
FENO GREGO EXTRATO SECO,12,13
LOGIN /PCT PCT 1KG,12,12
DENTE PREMIUM M A1,12,90
BOX - HENNA DE SOBRANCELHA C/12 PECAS - MAKIAJ - CASTANHO CLARO,12,33
VASO KIT XAXIN PALMEIRA PQ FELTRIN UN,12,69
- ALPHACAINE CV C/50 TUBETE,12,30
"SPIRULINA PO (MIN 60% PROTEINA) - 1,000 KG -LOTE: 2308032602 -FABRIC.:03/05/23 -VALID.:02/05/25",12,12
ENTRADA DE CANA 040922,12,84
ENTRADA DE CANA 300621,12,84
"SUBSTRATO CAROLINA SOIL PADRãO 75H DE 45 LITROS  GERMINAçãO DE SEMENTES, ROSA DO DESERTO, SUCULENTAS, MORANGOS, HORTA",12,27
ENTRADA DE CANA 280522,12,84
EQUIPAMENTO INDUSTRIAL FRIGORIFICO PARA CLIMATIZACAO DE SEMENTES,12,84
"PRODUTOS NAO LISTADOS - ESOALHADOR DE SEMENTES STARA, MODELO",12,84
INOC NITROSPHERA SOJA TURFA CX 20X600G,12,38
TAGETES 2,12,12
COROA DA SEMENTE C/ TITANIUM,12,90
PLACA PARA SEMENTES MULTI COM DUAS FACES COMPLEMENTAR,12,84
"SANSAO - JL, 2023 - MARIA IVONE MOREIRA BRAGA (OLE RENDEIRAS)",12,49
EUCALIPTO HS 1X200,12,44
EXTRATO FLUIDO QUEBRA PEDRA 30ML,12,30
QUEBRA PEDRA 100GR (ERVA SECA PARA CHA),12,12
CALOTRAT PLANTAR 20G,12,30
INOCULANTE NITROSPHERA SOJA LIQ 2X6 LT 100 DS,12,38
KIT KROON KROON 400,12,12
STOPPER ADES APROVEITE O MELHOR D SEMENTES C PRECI,12,49
CAIXA LONGITUDINAL DE SEMENTES,12,73
ADESIVO-PARA-PLACA-B5750E-BREVANT-SEMENTES,12,35
AT580 - IPE ROXO,12,44
IPE ROXO + GRAVIOLA (EXTRATO FLUIDO) - 30ML (REF. 110203978),12,12
BRACELETE SHINE SEMENTES DA VIDA CLEAR ONE SIZE,12,71
"TEMPEROS ATE 130G E ESPECIARIAS NO POTE CONDIMENTOS GRAOS GOURMET DRY RUB, CALDO, PREMIUM NATURAL BICARBONATO DE SODI",12,21
EXTRATOR REMOVEDOR DE SEMENTES CAROCO DE AZEITONAS DESCAROCADOR MANUAL,12,82
TRIBULUS TERRESTRIS PO,12,12
PALHA CRUA 50G,12,12
BARRIL TOMBO DO GORDO - IPA INDIAN PALE 50 LT NAVIRAI,12,22
CALOTRAT PLANTAR 20G,12,30
ENTRADA DE CANA 110822,12,10
CALOTRAT PLANTAR 20G,12,30
DISTRIBUIDOR DE SEMENTES PENDULAR LANCER PPO 900 MARCA: JAN ANO: 2024 SERIE: PPO00298600A00,12,84
EXTRATO COMPOSTO HIPERICO / MULUNGU - 60ML,12,13
MAQUINA INDUSTRIAL DE TRATAMENTO E REVESTIMENTO DE SEMENTES,12,84
MELACOS DE CANA,12,17
CAIXA LONGITUDINAL DE SEMENTES ANO: 2021CHASSI: CLSV111121080645,12,84
2023 PATY PREMIUM ROSA 1 AO 4 - 1,12,12
(10994001) INOCULADOR SEMENTE MS TURBINE GRAN-PED ANEX:16797,12,38
PP HC FOLHAS E FLORES REF. 6906,12,48
PRODUTOS NAO LISTADOS - AMOSTRA DE SOJA - OUTROS,12,12
SACARIA PAPELAO SEMENTE INTEGRACAO 10KG/12KG,12,48
IPE ROXO,12,44
0111 22 ARABICUM GREEN POD X DYNAMO,12,12
"20 LITROS SUBSTRATO CAROLINA SOIL  GERMINAçãO DE SEMENTES, ROSA DO DESERTO-35H COM CASCA DE ARROZ",12,38
PÃO AUSTRALIANO 20G,12,19
500GR HAMSTERS,12,1
ANEIS OVINOS C 100,12,30
OSCILLOC 200K C6,12,30
INOCULANTE RHIZOTROP T 600G (10DS) SOJA,12,38
UNHA FIRST DATE,12,33
58049 FLOR DO CAMPO 5G,12,12
CANA-DE-ACUCAR DO PLANTIO A COLHEITA,12,12
PRODUTOS NAO LISTADOS - PLATAFORMA ADE SEMENTES MODELO SUPER,12,84
ENTRADA DE CANA 160722,12,84
CAIXA SEMENTE PASTAGEM,12,12
INOC. SOJA TURFOSO NITROBACTER TF 200 MELOTE:150102824,12,31
CL.FL. CAROLINA,12,12
AMORA BRANCA CHA,12,12
"SILOTRATO LIOFILIZADO INOCULANTE 100G BASSO,PANCOTTE",12,38
KIT 23701 NORI M,12,12
ZIMBRO BAGAS TERRA RICA 25G,12,12
"BOI SEM COBERTURA - 2,611.000",12,2
CALOTRAT PLANTAR 20G,12,30
UNHA POSTIA A 500PA S K.EMPRESS 20134 ST222278,12,33
OSCILLOC 200K C6,12,30
HIBISCUS FLOR 5MM,12,12
GARDEN CC 20 - 25 - 03844ECC-278D-4D9B-8599-B2A9B8ABE502,12,12
LINHA WR - 1KG - EM GRAOS - FAZENDA MORADA DA PRATA - ARNALDO PINTO,12,12
CAPIM LIMAO,12,12
ALMOFADA SANSAO TURMA DA MONICA - 16X38X12CM,12,63
PONTO SEMENTE PARA AURICULOTERAPIA - CAIXA C/30 - ZHENMED ESPARADRAPO REDONDO  PRETO,12,30
712 EXG - PROMOCAO,12,12
UNHA GOLD SOLUCAO ANTIMICOTICA 30ML,12,30
ENTRADA DE CANA 190321,12,84
C.SEMENTES C/FOLHA X33 (CREME) 75CM (FLORARTE) VOL. 1,12,67
CAIXA LONGITUDINAL DE SEMENTES ANO: 2022CHASSI: CLSV111022071220,12,84
ESS CAPIM LIMAO 100ML RL,12,33
"DENTE DE LEAO FOLHAS 2,5 KG",12,12
IPE ROXO,12,44
1002.1.1 PO FACIALT ANSLUCIDO,12,33
ADESIVO-PARA-PLACA-B5710CE-BREVANT-SEMENTES,12,35
UVAIA  REDONDA COMUM,12,8
MASCAVO ACUCAR SAUDAVEL -PRODUTO A PRONTA ENTREGA ENVIO IMEDIATO C2 ALIMENTOS 500GR,12,17
GUIA DA CANA LE,12,84
ENTRADA DE CANA 300521,12,12
VACA TF - 117.250,12,1
ENTRADA DE CANA DIA 15 06 2024,12,12
FOLHAS BAMBU  X 5 PCT COM 80G VERDE,12,14
CALOTRAT PLANTAR 20G,12,30
"VINORELBINA (EUROFARMA)   L: 914851 Q:       10,0000 F: 07/05/24 V: 01/05/2026 * VALOR TOTAL DOS PRODUTOS SEM ISENCAO DO",12,30
KIT FLOR SECA,12,12
PLACA PONTO COMPLEMENTAR TAMANHO:SEMENTE ESCURA C/ MICROPORE,12,39
CJ CAIXA DIST SEMENTES 4 DENTES MILHO,12,84
ENTRADA DE CANA DIA 09 11 2023,12,12
CAIXA LONGITUDINAL DE SEMENTES ANO: 2023CHASSI: CLSV110823062304,12,84
FORMULA C/OREGANO EXTRATO 100MG;ZEDOARIA EXT.SEC 100MG;ESPINHEIRA SANTA 100MG;COENZIMA Q10 100MG;ZOOMZYME GLU10 250MG;EN,12,30
EMILIANO MARTINEZ (ARGENTINA) - C2,12,49
PRODUTOS NAO LISTADOS - AMOSTRA DE SOJA - OUTROS,12,12
GARRA DE BLOQUEIO NR10 **,12,82
ENTRADA DE CANA 110721,12,12
ENTRADA DE CANA DIA 19 06 2025,12,12
ACTARA CANA SOCA LOTE 0128-22-04120,12,38
CAIXA LONGITUDINAL DE SEMENTES ANO: 2023CHASSI: CLSV111023042097,12,84
GRAFITE EM PO CONCENTRADO SEMENTES 5KG,12,38
SEMENTE DE AÇAI PASSANTE COM 375G A313 - VERDE FOLHA,12,12
CATUABA EM VIGOTA,12,44
CALOTRAT PLANTAR 20G,12,30
INOCULANTE P/SOJA RIZO TURFA4DS200G,12,38
EUCALIPTO COM SEMENTE,12,12
HENNA MAKIAJ MEDIO,12,12
ARTEMISIA KG,12,12
UXI - 26 MADEIRA SERRADA (CAIBRO),12,44
ATRATIVO CAT NIP ERVA PARA GATOS NATURAL SACHES DE 2G CAT NIP CADA,12,12
AGONIADA,12,12
ALCOOL GEL C/ GLICERINA 70%,15,38
GLICERINA 100ML BI DESTILADA,15,15
"REFIL TOP COLOR FAST ESPECIAL OC: PRODUTO DESTINADO P/USO ELETRICO, TRIBUTADO CFE DISPOSITIVO LEGAL=CONVENIO 92/15",15,85
"0860-WNF-OLEO ESSENCIAL CRAVO FOLHA 10ML - LOTE-VALIDADE-QTD:(00153/21-13/01/2024-2) BASE ST: R$ 72,75  VALOR ST: R$ 11,",15,33
OL ESS LIMAO SILICIANO F,15,15
PSE662-DR,15,
CAP. AMERICA - MASCULINA ADULTA - AZUL - G,15,61
OLEO OZONIZADO COPAIBA 50ML,15,15
FLOR DR/CR,15,6
GLICERINA BRANCA 1LT (M) 1X12,15,15
OLEO FLORATA DE GERANIO,15,15
BLEND CLEANER WAX 500 ML,15,34
OLEO DE MOCOTO,15,15
SERV. OLEO,15,15
OLEO FLORATA DE BERGAMOTA,15,15
OLEO DE LINHACA OU MEDIUM ACRILICO (100ML),15,15
SAL DE PARRILLA CANTA GALLO 250G PIMENTA NETAO CANTA GALLO UN,15,25
ITEM 546200 - POTENCIOMENTRO LIN 4K7 (5K),15,85
"0990-WNF-OLEO ESSENCIAL TOMILHO 10ML - LOTE-VALIDADE-QTD:(05070/21-25/10/2024-3) BASE ST: R$ 115,15  VALOR ST: R$ 18,41",15,33
OLEO ESSENCIAL DE MENTA PIPERITA PURO VIA AROMA 10 ML,15,33
FL OLEO PH-2966,15,15
001930 - PEPPER BALL PLUS PIKASSO COM 2 UN PEPPER BLEND,15,93
UNTA-FORMA GL (4X5KG),15,15
OLEO FLORATA DE BERGAMOTA,15,15
OLEO ESSENCIAL DE CRAVO BOTAO - ANVISA - ESCOLHA O TAMANHO DO RECIPIENTE: : 5 ML,15,33
INDUMAX PRESSU GORD LOCA C/2UN - LOTE: 3613 - VAL.: 30/04/2023,15,15
BUSCOVERAN COMPOSTO SOL OR X 10ML,15,30
DESMOLDANTE,15,34
HERBAL PRIME 500 ML,15,30
"MAXICAM COMP BLYSTER 10 X 2,0 MG",15,30
OSCILLOCOCCINUM CX 6FLAC - OL,15,30
MPP DESMOLDANTE KG,15,34
OLEO ESSENCIAL MENTA PIPERITA 10ML VIA AROMA,15,33
PT BECEL ORIG CS 500G 766839_V,15,15
BOVINOS 13 A 24 MESES,15,1
"ESGRILAX 2,27G C/ 6 SUPOSITORIOS ADULTO (GLICERINA) (-) MALAVASI",15,30
OLEO DE MOCOTO,15,15
FORMULA C/RHODIOLA ROSEA 500MG;CAP VEGETAL 00 V 30UN;,15,21
POCAO DA VIRGEM GEL VIRGEM NOVAMENTE 15G POCOES INTT,15,33
GLICERINA 100ML BI DESTILADA,15,15
PAZZE MOEDOR SAL ROSA COM CHIMICHURRI 80GR,15,21
DR,15,
OLEO VEGETAL DE ABACATE JARDIM EXOTICO - PRENSADO FRIO - EXTRA VIRGEM 10 ML,15,15
GLICERINA 1 LITRO RIOQUIMICA UND,15,15
"0960-WNF-OLEO ESSENCIAL MENTA PIPERITA 10ML - LOTE-VALIDADE-QTD:(02676/20-09/07/2023-3), LEI 12741/12 VALOR APROXIMADO D",15,33
DESMOLDANTE BD 18LTS VIAPOL (DESMOL),15,38
OL ESS CANELA PHYTOT 10 ML,15,15
OLEO ESSENCIAL DE CRAVO FOLHAS HERBIA 10ML - LOTE 20 VAL. 09/2023,15,33
"MAXICAM COMP. 10 X 2,0 MG",15,30
OLEO VEGETAL DE ALECRIM 100% PURO NATURAL CABELO E PELE - 100 ML AROOM HEALTH,15,15
MARIA - A NOVA PRIMAVERA,15,49
KIT 45 ITENS EROTICO VOLUMAO SEMPRE VIRGEM GEL REDUTOR CASAL,15,33
OLEO DE NEEM CONCENTRADO NATURAL MARCA VITAPLAN 100 ML,15,15
PET CIRURGIC  FEMEAS N 10,15,62
KULOKO ANESTESICO ANAL + SEMPRE VIRGEM APERTADINHA + GEL VOLUMAO,15,30
OLEO DE MOCOTO 1L,15,15
CURCULIGO UNT JS,15,30
OLEO DE MOCOTO LITRO,15,15
GLICERINA VEGETAL 50ML - L017,15,15
GLICERINA TRANSPARENTE 1KG - NOSSA TERRA,15,15
GORDURA BOVINA NC,15,15
"EQUIPAMENTO PARA A DETERMINACAO IN-LINE DE GORDURA , PESO E DETECCAO DE OSSOS E METAIS EM CARNES CRUAS FRESCAS E CONGELA",15,84
OLEO ESSENCIAL GENGIBRE - FLORA BRASIL - 05 ML,15,33
OLEO DE MOCOTO,15,15
SAL BEIJA FLOR FINO ESPECIAL TEMPERADO 500G,15,25
CB AC 17910 KRE 9000 - ST MX DR 00 - 1,15,15
BANHA MARIA 3/1 20,15,15
CONE HINDU TRADICIONAL 80 UNIDADES,15,33
COZEDOR DE OVOS PARA MICROONDAS,15,39
OLEO MOCOTO,15,15
KIT 3 DESMOLDANTE SPRAY UNTA FORMA FACIL CULINARIO 400ML,15,38
FORMULA C/RHODIOLA ROSEA 300MG;CAP VEGETAL 1 IN 60UN;,15,21
GLICERINA LIQUIDA 90 ML,15,15
MOTOCOMPR AR DIRETO RED C/M 1/3HP AR DIRETO RED,15,84
OLEO FLORATA DE GERANIO,15,33
"0990-WNF-OLEO ESSENCIAL TOMILHO 10ML - LOTE-VALIDADE-QTD:(02018/21-03/05/2024-3) BASE ST: R$ 158,73  VALOR ST: R$ 25,38",15,33
BANDEJA DR,15,44
DEUROLEASE PHO 220705 RELEASE AGENT (DESMOLDANTE),15,34
BASE GLICERINA NOSSA TERRA BRANCA - KG,15,34
OLEO DE MOCOTO,15,15
D LIMONENO PURO - OLEO DA CASCA DE CITRICOS,15,33
"GORDURA DE DESOSSA - 150,00",15,15
OLEO DE BURITI DA EXPRESSO MATA ATLANTICA,15,15
NP PEPPER,15,9
GLICERINA LIQUIDA 120G,15,15
FORMULA C/OLEO DE COCO OZO 5%;OVULO 1OVL;,15,30
OLEO ESSENCIAL 10ML MENTA PIPERITA VIA AROMA,15,33
50 UNIDADES DE BOTIJA AZEITE VERMELHO,15,39
OLEO VEGETAL ROMA100%  PURO NATURAL - 50 ML,15,15
OLEO VEGETAL,15,15
OLEO ESSENCIAL ALIMENTICIO NATURAL TANGERINA 10ML GRANCHEF,15,33
CORACAO G - YOUNG HEARTS,2,2
21 - HERDADE DOS GROUS,2,
MESCLA PAPADA POWER I -5 SESSOES - 1523,2,33
QUILO VERAO 1 ESPECIAL LOTE - SS-UN,2,2
BOCHECHA BOVINA BRINDE,2,2
KIT AMORTCEDOR TRASEIRO,2,87
6K0925 - CHASSI DIANTEIRO - CATERPILLAR 966C,2,87
ABOMASO BOVINO COALHO - 243.0000,2,2
"BOI S/COBERTURA - 3,248.500",2,2
ESOFAGO DE BOVINOS SC - 33.0000,2,2
ONTERRUPTOR TRASEIRO,2,85
MPD01003 - PELE BOVINA DE PRIMEIRA CLASS. (272 PECAS),2,2
PãO DE FORMA FATIADO,2,19
TIRA FINO TRASEIRO/DIANTEIRO QUADRADO,2,82
CHAPEU FPU 50+ JACARE P,2,65
"BARRIGADA BOVINA - 120,0000",2,2
FRIZO TRAZEIRO,2,87
REC 11601727-0 HOMEOPATIA-LM-ALCOOL 30% 10 ML,2,30
PAINEIRA,2,14
REC 128636-0 SACHES 30 SACHES,2,21
BASSI IROOT PRO -  - CTFA10148,2,85
A LINGUA POCKET FF,2,
ENGR. DO GOVERN. CPL 16400-Z030110-0000,2,84
COURO SALGADO - 975.0000,2,41
BOVINO,2,2
SANGRIA FRIA 5/16  D10/20/40,2,84
CURADO 500 G,2,2
TRASEIRO - F-2000 - 2A FOLHA,2,87
PAD PARA RECORTE EM PINTURA,2,39
365538-40 - WOBBLER NA BRASA E COXA SOBRECOXA DESOSSADA,2,2
AMOTECEDOR TRASEIRO 379019SP C4 LOUNGE,2,87
MEMBRANA OSMOSE RESERVA 100 GPD DIAGFARMA,2,84
CORACAO C/ 3,2,2
FRALDAS FLOR DE LAVANDA - 100% ORGANICO TAMANHO:FRALDINHA,2,96
MIUDO BUCHO,2,2
BARRIGADA BOVINA - 154.0000,2,2
ESPETO BOVINO,2,2
"110 - PELE DE BOVINO, FRESCA, INTEIRA SEM",2,2
TULIPA,2,6
BASSI IROOT PRO - 2018623060 - RCTFJ10134,2,
UBERE - 54.0000,2,
JACARE 2OLT LOTE:043/19 FAB:04/19 VAL:04/21,2,
TULIPA PT 13,2,70
PONTA CAT 416 H.P.A.D,2,84
MPD01003 - PELE BOVINA DE PRIMEIRA CLASS. (331 PECAS),2,2
TGG511241 LAMINA N.A1 TRASEIRO,2,82
SALOMPAS DOR TENDAO DE AQUILES INFLAMACAO DOR MUSCULAR 36UNI,2,30
PELE FRESCA DE BOVINO - 96.0000,2,2
BARRIGADA DE BOVINOS - KG - 427.0000,2,2
FIESTA SE HA,2,87
MESA RIPA 180X90,2,94
AGAPANTHUS - BANDEJA C/ 15,2,6
AVE-LIRA,2,92
BUCHO BOVINO KG,2,2
MPD01003 - PELE BOVINA DE PRIMEIRA CLASS ANGUS (199 PECAS),2,2
CORACAO FILHOTE,2,2
"165 - PELE DE BOVINO, FRESCA, INTEIRA SEM",2,41
SHOULDER BAG OMO,2,42
ASA.CXXX1XA1XX,2,2
BUCHO RUMEM BOV CONG COMPRA,2,2
00290 - PESO DIANTEIRO,2,87
BOX 16 PALETA NEON 16G PH0330 PHALLEBEAUTY,2,33
DG80469- TULIPA,2,6
HEMOGLOBINA SUINOS EM PO       N203943 DT.FABRICACAO :24/09/2020 DT.VALIDADE : 24/09/2022,2,2
AMOETECEDOR TRASEIRO,2,87
OUTROS PRODUTOS DA AGRICULTURA - GRAMA VERDE COBERTURA 20KG,2,6
PELE BOVINA DE PRIMEIRA CLASS ANGUS (133 PECAS),2,2
PELE BOVINA DE PRIMEIRA CLASS ANGUS (224 PECAS),2,2
MEM. A UM RECLUSO QUE PODE SER ALCOOLICO LOT.:0 QT:3,2,0
COURO DE BACON,2,2
FARINHA DE CARNE E OSSO DE BOV- LOTE 000436687 - VAL. 05/03/2025,2,23
A LINGUA DE EULALIA,2,49
"BOI S/COBERTURA - 1,246.000",2,2
MIUDOS CONGELADOS DE BOVINO - RUMEN - 565.0000,2,2
TRAQUEIA DE BOVINOS - 129.0000,2,2
HEMOGLOBINA SUINOS EM PO       N203643 DT.FABRICACAO :03/09/2020 DT.VALIDADE : 02/09/2022,2,2
CARRETILHAS PARA ESFOLA DE BOVINO,2,84
CASADA TRAICOES SEM VOLTA: SEXO ROMANCE TRAICAO AVENTURA (EBOOK KINDLE),2,49
ET 85X130MM MIUDO CONGELADO DE BOVINO NUTRI CARNES,2,2
BOI,2,1
GLOTE DE BOVINOS - 81.0000,2,2
AGULHA ROMBA,2,90
13427 TRICORT RECORTE FINO,2,84
KIT AMORTCEDOR DIANTEIRO SK928,2,87
OSSO NO ENCARTELADO 4/5 BACON,2,2
MESA RIPA AURORA,2,94
BACO,2,2
MONOGRAFIA PEALIV LOTE: FAB:00/00/0000 VAL:00/00/0000,2,30
SACOS PARA MOCOTO B 60 X 90 LAMINADO,2,39
TRASEIRO - F-1000 - 4 FOLHA L,2,87
AGULHA 1001-D,2,82
TULIPA,2,6
SEBO BOVINO DERRETIDO A GRANEL,2,2
HEMOGLOBINA SUINOS EM PO       N204252 DT.FABRICACAO :16/10/2020 DT.VALIDADE : 14/10/2022,2,2
(ACOUGUE) SAL,2,25
ANGUS 100,2,2
BOI S/COBERTURA - 589.500,2,2
SANGRIA,2,22
JACARE VERDE SKIN CX C/60,2,2
TULIPA,2,6
MOELA FRANGO SEARA BDJ 1KG,2,2
1SEBO DE BOVINOS,2,2
"BUCHO - 57,00",2,2
BOI,2,1
MORCEGO DIANTEIRO,2,95
PETISCO NATURAL - PE DE FRANGO - NATURAL FARM,2,2
TRASEIRO - F-1000 (F-250) DIESEL - 3A FOLHA,2,87
BARRIGADA BOVINA - 212.0000,2,2
RACK | HORTIFRUTI,2,94
BOVINOS,2,1
CHAVEIRO DE PICANHA,2,71
"139 - PELE DE BOVINO, FRESCA, INTEIRA SEM",2,41
TRASEIRO - DAILY CITY 30513 - VIR. C/ FURO P/,2,87
BOVINO FEMIA 0 A 12 MESES,2,1
A400800101027-ASA LEVE L/E,2,
LAGARTO DECORATIVO,2,97
TULIPA,2,6
ETIQUETA 70X150MM AA01 - COXA SOBREC S/O C/P FGO (OC:104488743),2,48
KIT 2 OSSOS  FRANGO P 2 OSSO  FRANGO 16CM,2,95
FRANGO FRANGO SOM GRANDE,2,2
PAINEIRA,2,14
ORELHA SUINA EM TIRAS,2,2
"BUCHO - 222,00",2,2
ESOFAGO DE BOVINOS SC - 53.0000,2,2
PALETA SLA PARIS HOW TO2 51 12X1G,2,33
CORACAO MINI PP C/BRACO K1833 CORINTHIANS,2,95
ESPETINHO CHINES 25 CM PCT 1000 MIL,2,44
EQUILIBRA PATINHO,2,2
QUARTA ASA,2,2
BOVINO MACHO TS-00804-524/20,2,2
CORTES FGO MOELA PERDIGAO 1KG * PERDIGAO UN,2,2
DISPERDEICIO DE APARAS MOIDA,2,47
RODENSTOCK R4792-A-4422-145-0000,2,90
BARRIGADA BOVINA - 207.0000,2,2
ETIQUETA 70X180MM AA01 - FILEZINHO DE PEITO FGO (OC:106292017),2,2
BARRIGADA BOVINA - 300.0000,2,2
BARRIGADA BOVINA - 156.0000,2,2
CORACAO 18POLEGADAS PCT.C/5,2,39
FRALDA TOM AND JERRY HIPER PAOTAO P - 90 UNIDADES,2,96
PELE BOVINA DE PRIMEIRA CLASS ANGUS (61 PECAS),2,2
CAPA CONT.FILE ASSADA KG ROT,2,2
ESTEIRA COMPLETA - REX,2,84
ORELHA - 16.0000,2,2
SMASH DE FRANGO,2,2
(9788521318316)CARNE MOIDA - RECEITAS PRATICAS E DELICIOSAS PARA SALVAR O S,2,49
PRE CEDRO JACARE DE 16 ANOS,2,44
ASA DELTA  ROSA PINK P,2,88
DESENLEIRADOR TRASEIRO P/ CULTIVADOR 280419781745,2,84
PLASMA SUINO EM PO  78         N201141 DT.FABRICACAO :12/03/2020 DT.VALIDADE : 04/03/2022,2,2
BR ALINE CARRE PRETO R.N.,2,
"AORTA - 23,0000",2,2
TAMPA CAIXA 12KG CARNE MOIDA TERMOFORMADA 1KG - ALLEZA,2,39
ET AD BOPP 79X120 CARREFOUR SELECTION RESF MAMINHA,2,2
ENGREAGEM ASA 80 Z-13 330140009 0 UN,2,84
PALETA SOUZA MEDIA 30X20 4005 +,2,44
PROTETOR FRALDA FEMEA N 7,2,96
PONTA PC 200 H.P.A.D,2,84
SUBFIACAO CB TWISTER 19-21,2,87
UNOI LINGUA PORTUGUE UNI1 7EF2 B4 LP,2,49
ASA DELTA MINI PRETO - M,2,95
ARGOLA PALETA,2,73
PETISCO PARA CACHORRO - MEIO DA ASA,2,2
POEMINHA EM LINGUA DE BRINCAR,2,49
"RESER 000421 DEFLETO  R AR, OV: 3527699",2,87
"BUCHO - 167,00",2,2
CORAC DE ALCACHOFRAS 510GR DI SALE,2,7
BOV GUARD 1LT,2,30
RETALHO,2,0
"BOI LEVE - 1,612.000",2,2
"OURO BRANCO 1KG (L)  - DESCONTO = 22,92%",2,18
SEBO BOVINO GRANEL,2,2
RT GR EE - DIANTEIRO,2,2
ASA DELTA SOL P,2,88
CHATAO CORACAO 27X25,2,
"LAMINADO ESPUMA 0,0000 X 10,0000 X 2,0000 X 0,0200",2,39
"RESER 000421 DEFLETO  R AR, OV: 4558620",2,87
CORTES,2,2
PEIXINHO FESTA JUNINA,2,17
SACO PET/PE 230X315X100 HAMB BOV FRALDA 5X180G MATURATTA,2,2
50435 TULIPA,2,6
PAD P/RECORTE EM PINTURA,2,39
ADESIVO BOPP METALIZADO LAMINADO 120 X 90 MM ORGANICO CONGELADO COXAO MOLE KORIN 53363,2,39
Pà CORAçãO,2,2
BARRIGA,2,2
SEARA MOELA PCT KG,2,2
"MACHOS BOVINOS P.O. C269, C526, C406",2,2
FLAT BIANCA NATURAL TAMANHO:36,2,64
BARRIGADA BOVINA - 70.0000,2,2
BARRIGADA BOVINA - 190.0000,2,2
ESPETO MODELADOR KAFTA CARNE MOIDA CHURRASCO FORMA ALUMINIO,2,76
TULIPA,2,6
BUCHO KG BRANQUEADO JBS MIUDO BOVINO KG,2,2
ANNEAU DE CARRE CHAINE D ANCRE LAITON FINITION PERMABRASS 00 PERMAB...,2,74
BARRIGADA BOVINA - 100.0000,2,2
"NAKAT NB11001 BUCHAE  IXO TRASEIRO,OV: 301  9514",2,87
DIAFRAGMA V-20    DES .030-0180,2,40
FRALDA C/4,2,96
"SUPLEMENTO GRANELEIRO, COM ARCOS E TOMBADOR TRASEIRO.",2,87
BR RES FLOR,2,6
CARCACA NOVA VE IMP R063-3,2,87
1PELE FRESCA DE BOVINOS-COURO - 299.0000,2,41
BARRIGADA BOVINA - 171.0000,2,2
MPD01003 - PELE BOVINA DE PRIMEIRA CLASS. (186 PECAS),2,2
CARTUCHO BACON FATIAS GOURMET COD. 509122-V04 FSC OC: 3055713 NRO ITEM: 2,2,2
ASA COLORIDA,2,0
"BUCHO PORCIONADO BOV CONG - 223,00",2,2
PLASMA SUINO EM PO  78         N202752 DT.FABRICACAO :03/07/2020 DT.VALIDADE : 04/03/2022,2,2
3282- SEGUNDA PELE,2,61
BARRIGADA BOVINA - 92.0000,2,2
TULIPA,2,6
RETALHO MISTO 25 KG RETALHO MISTO 25 KG,2,0
FRALDA COM 4,2,96
BOIBRAS - ETIQ 60X300 GARRAO,2,48
BARRIGADA BOVINA - 102.0000,2,2
BOVINOS MACHOS 0 A 12 M,2,1
ESOFAGO DE BOVINOS - 26.0000,2,2
TULIPA L/E 206/C3 (22DTS) MECAN,2,87
SCS PLAST NP LINGUICA DE CARNE SUINA APIMENTADA 30.00 X 50.00 L:661486,2,2
TRASEIRO - 681X553,2,0
KIT 3UN ASA 195X1200MM,2,73
TLP0302-TULIPA,2,87
"ESPUMA D28 0,0000 X 10,0000 X 2,0000 X 0,0020",2,39
ET 85X130MM PPA PAPADA CONGELADA DE SUINO,2,2
REFRIG CONTINENTAL T,2,84
FLAT ASA DELTA TAXA FIVELA MARYS COR:OURO;TAMANHO:37,2,64
SANGRIA,2,22
MESA MONOPE PALETA LAMINADA PARA SALA 38X40CM - MEL,2,94
PLASMA SUINO EM PO  78         N204023 DT.FABRICACAO :29/09/2020 DT.VALIDADE : 29/09/2022,2,2
"BOVINO FEMEA 12 A 24M - 3,588.636",2,2
33440 ASA DIREITA CPLT /////,2,88
RASCHIAVETRO ESTERNO IN CINTU 05 1243905,2,87
MEU POEMA ABANA O RABO,2,49
MICANGA ENTREMEIO 100 UND CORACAO ESTRELA DESENHOS FLORES INFANTIL BIJUTERIA MODELO:ACH COLOR CORACAO PRETO,2,71
PONTA CAUTERIO AGULHA,2,90
PELE FRESCA DE BOVINO - 255.0000,2,41
BUCHO KG,2,2
PELE BOVINA DE PRIMEIRA CLASS. (337 PECAS),2,2
BARRIGADA BOVINA - 154.0000,2,2
ASA DELTA,2,88
PELE BOVINA DE PRIMEIRA CLASS ANGUS (160 PECAS),2,2
MUND HP-H-(9.0000 ),2,0
ONEADLTMINIPEQC/FRGO&CARNEDEVDD1X6KGBR,2,2
MEMBRANA DIAFRAGMA GM SONIC,2,40
BARRIGADA BOVINA - 153.0000,2,2
HEMOGLOBINA SUINOS EM PO       N203451 DT.FABRICACAO :21/08/2020 DT.VALIDADE : 20/08/2022,2,2
"LINGUA DO BRASIL AMANHA E OUTROS MISTERIOS, (A)",2,49
NEO CORACAO - 17/18,2,2
MESA MONOPE PALETA LAMINADA PARA SALA 48X50CM - MEL,2,94
BARRIGADA BOVINA - 148.0000,2,2
MPD01003 - PELE BOVINA DE PRIMEIRA CLASS ANGUS (393 PECAS),2,2
COURO SALGADO - 64.0000,2,41
SANGRIA FREIO,2,87
"093 CX- LING. BOV. GRANEL SAO LUIZ SC.5,130KG.",2,2
ROT MEIO ASA FGO KG ASSADA,2,2
TRAQUEIA DE BOVINOS - 12.0000,2,2
ACH TIA ASA MORC,2,2
ML  SLIM C/RECORTE,2,0
MOELA FRANGO SEARA 1KG BAND,2,2
AL1263-TULIPA -,2,
PASTA LARGA 335X250X55MM C X L X DORSO,2,48
CARCACA PRINCIPAL AR DIRETO RED,2,84
9998 CLARA 44 1/2 COXA,2,2
BOVINO MACHO ACIMA 36M - 462.500,2,2
HEMOGLOBINA SUINOS EM PO       N203931 DT.FABRICACAO :23/09/2020 DT.VALIDADE : 23/09/2022,2,2
O PATINHO PEPE UNICA NA,2,95
MOELA DE FRANGO PT 1KG PACOTE 1KG PERDIGAO UN,2,2
MAR24482 / 400800102029 - ASA,2,0
1170 - RECORTE BORBOLETA PRIMAVERA P 23X19,2,49
BANDEJA DE CARNE G,2,2
TRIO 1RUC/AGR/ALF CRESP HIDROP EMB,2,12
POLIDEXTROSE ST LOTE(S): 2039222 (800.0000 KG); 2308022 - VAL: 01 08 2025 (625.0000 KG); 2309222 - VAL: 21 09 2026 (75.0,2,17
LING. PEROLA 1KG SUINA FINA APIMEN,2,2
26430-7 ROT.1 PP FC CB25 A138 60X230MM-1C CARNE SUINA RESFRIADA,2,2
TUVIRA VIVA,3,3
CAM ML PECEGO CLARA TALIENK 40,3,61
PRE-VENDA SALMOTERAPIA  DR. JONATAS LEONIO,3,49
OSTRA P/GRATINAR 400 GR,3,3
HENLEY PREM BELMOND ML PRETO - M,3,61
RABO PEIXE P/ ESCAPE 4.1/2 (CURTO/440MM),3,87
NELORE PINTADO PO  PQS 306 MACHO  19M,3,1
PASSAROS ORNAMENTAIS,3,3
CATIVEIRO NUCA MAIS,3,30
FACEPROTECTION - TUCUNARE AZUL - UNICO,3,62
PEIXE DOURADO,3,3
HOTPANT - ROSA - GG,3,61
RABO PEIXE P/ESCAPE 4.1/2 (CURVO/LONGO 1360MM)(FAB,3,87
VESTIDOCHIDI SHAYE TERRY MD DR CHIDI M,3,61
POLVO NORMAL,3,3
RABO PEIXE P/ESCAPE 5 X 4.1/2 (1600MMX535MM)(BEPO),3,87
PEIXE BETA (NAO SERA FEITO TROCA CASO MORRA),3,3
"BLOCO, QUADRADO OU FILE - SUCUPIRA - PTERODON EMARGINATUS - 0,15 X 0,15 X 3,50 M",3,44
"GENESEAS - FILE DE TILAPIA - BEM FRESCO - 400 G - 22X27X0,16 - PET/PE - SACO PET / NYLON-POLI - IMPRESSO-OP:08022401001",3,3
ASSA PEIXE 30G,3,12
CAM I-21103 SL M/L,3,61
POLVO HUMOR,3,95
650/85R38 FI CAM F: DOT:0911,3,40
PEIXE DE APERTAR,3,95
MARESSA - SALMãO - M,3,3
CAMARAO NELSON NAKAMURA NAKAMARAO 9CM - 5 UNIDADES COR - ANGLERBRASIL:COR 803 - DOURADO,3,95
PORQUINHO,3,1
CAM L LACO BOUQUET PRETO G,3,61
CAM M ML OUTLAST RIO I20 G,3,61
PEIXE NYLON AMOROSO C/ CATNIP,3,95
O PEIXE E O LEAO (EBOOK KINDLE),3,49
OUTROS/PORQUINHO,3,1
LAMBARI ARTICULADO,3,95
CEVICHE ORIENTAL PEIXE BRANCO 237 G,3,3
LAGOSTA FECHO - DOURADA,3,3
POLVO DO HUMOR GRANDE,3,95
CAM PASSA FACIL REG MC,3,61
PEROLA N10 SALMAO (204) 10G,3,71
CAM 18.4X34 IMPORTADA,3,40
GUTA PERCHA U-FILE F1-F3 C/60UN,3,90
TAM - SAFEBAG GRATIS ROSA,3,42
CAMISATA ROSA COM FAIXA P,3,61
MINERBLOCK MD                         LOTE/VALIDADE: M00214/23G20240713,3,
ROTULO MOD SARDINHA - ATUM,3,48
"JC200 MARTINAIR MD-11F PH-MCT """"""""""""""""40 YEARS IN THE AIR""""""""""""""""",3,88
CAM PASSA FACIL 500 AZUL MARINHO 04,3,61
KRAKEN 8/8,3,0
BOIA CAMARAO BR,3,95
CRIADO ROMA JACARANDA,3,94
CALICO JOE,3,0
BLUE SKY INTENSE,3,
TRAIRA CINZA 02 - 12,3,3
P.T. INTERF. JULLY EXTRA C/1000 BELL,3,0
RABO PEIXE P/ESCAPE 3.1/2  (CURVO/415MM) (BEPO),3,87
CARPA COURO FAKE,3,39
POLVO 2EM1 PEL,3,95
PEIXE PALHACO  AU PET,3,3
ISCA CAMARAO AMARELO C/5 TL05-1164HA-0052,3,95
BUFFET MODELLO HG BCO/CZA 210X45X77H,3,94
B MANOELA DV DOURADO U,3,71
CAM-TAMBAQUI-VERDE TAMANHO:GG,3,3
MASSA PRONTA PARA PESCA TILAPIA-PIAU-PACU-CARPA KIT C/ 12,3,21
PIPA CAMARAO GRANDE 60CM C/25,3,95
BIOXAN COMPOSTO VALLEE 500 ML,4,30
"FLORES SECA 16,5CM",4,6
"NATURAL COLORS MEL +0,75-CU6638",4,32
YOPRO 25G SHAK CHOC250,4,4
CX.PAP. 380X255X180 CAIXA MEL 500 G,4,48
DEDO DE MOCA 60ML,4,7
BEIRA RIO 8395 225 28992 34/39    37  OURO ROSADO/OURO ROSADO  GF,4,64
BOMBAY EXTRATO NATURAL DE BAUNILHA 30ML,4,13
GARRA DA CLASSIIFCADORA DE OVOS USADA (SUCATA),4,84
FORMA QUEIJEIRA RICOTA QUEIJO MINAS FRESCAL 1 KG INJESUL,4,39
"055 APTANUTRI 3 PREMIUM 12 A 36 MESES.01X800 %AGR:  22,7900 BASE ST: ********185,49 VALOR ST: **********5,85",4,4
CX.C.03 QUEIJO PALOMINO 100X50 GR - 420X320X180,4,4
IORGUT NATURAL UN,4,4
BLS 12 OVOS GALINHA PINOS CX - C IMP BRANCO GRANDE,4,4
"055 APTANUTRI 3 PREMIUM 12 A 36 MESES.01X800 %AGR:  22,7900 BASE ST: ******1.106,21 VALOR ST: *********34,91",4,4
PSEUDOCHROMIS FRIDMANI@ PSEUDOCHROMIS FRIDMANI,4,3
ADESIVOS - MANTEIGA,4,35
FORMULA NATURAL 500G,4,21
KIT ESCOVA MANTEIGA DE COCO 900ML,4,33
NEEDS POTE DOS P/LEITE,4,39
PIA DACHERI 1.20 GRANITO ALICANTE 0 BONITO LINDO DACHERI,4,68
FORMULA C/COMPLEXO B (SEM 10UN;,4,30
"KIT COM 7 PCS PARA FRIOS, QUEIJOS MISTO (PREMIUM 57E + RED. 25CM + CORACAO M + 4  HAMB. 48B))",4,82
COD.301117 QJO.QUATA COALHO EM ESPETO ORIGINAL 7 UNID. 190X265 L LAMINADO (BOPA+PE / SIF 3830 / V00),4,4
CREAN CHESE PHILADELFIA,4,4
"REQUEIJAO PARMATO CREMOSO 1,5KG 180X430 P LAMINADO (PET+PE PIG)",4,4
"BOI S/ COBERTURA - 1,718.000",4,2
KIT MAPPYNG BOLSA HAPPY CORES VERMELHO U,4,42
OVO CAIPIRA BRANCO FALSO BRINCADEIRA GALINHEIRO DE PLASTICO INDEZ GALINHA ENFEITE-48,4,95
KIT QUEIJO,4,4
"CX DM3 TMP BCO/FDO PDO 53X40X5,5CM C/ 10 UND**",4,48
AMOSTRA ALIBRA LEITE EM PO 2KG 528X355 (PET+PET MET+PE),4,4
NINHO GIRASSOL,4,12
ETQ BOPP TRANSP IOG MORANGO 500G,4,39
NATUROVITA COMPLEXO VITA LEITE - SACO 5KG,4,21
NANLAC COMF 1A3 F 800G,4,4
QJ-309 TV ROLAMENTO DE ROLO CILINDRICO  FAG,4,84
SORTIDO COMPOSTO POR DESIDRATADOR DO CON DD0404,4,84
BEIJO GREGO,4,21
COMITIVA PANTANEIRA GRANDE E,4,
BALISSIMA LEITE 60X60 GR/(2CX),4,4
FORMULA INFANTIL NANLAC COMFOR 1 A 3 ANOS DE 800G,4,4
OVO VIBRATORIO BULLET IMPORTADO VP (OV001-ST243) -VERMELHO-UNICO,4,85
GALAO DE LEITE,4,4
CAIXA PAPELÃO LISA MANTEIGA 405X305X115MM,4,48
"REFIL SACHE C/ERVAS, ZIP, DIVERSAS",4,9
NEEDS TIRA LEITE,4,84
GRANEL FONTE MANTEIGA BRANCO,4,4
TABOAS FUNCIONAL GR,4,46
FLOR DE SAL - 180G,4,25
BOV FEMEA PO REGISTRADO DE 25 A 36 MESES,4,4
QUASSIA SEP SACO 10KG,4,12
"BONE TRUE FARME AZUL ROYAL TROCA/DEVOL. REF. ITEM     1, DA NF        603, SERIE NFCE , U.N. 002 829",4,65
FLEXIVEL1/2X800-MG18XMG18,4,73
DISPLAY D CHAO NINHO MOLICO SOLUCAO ZERO LACTOSE,4,48
INC. CLOVE TRINTA ERVAS CX 25 PCT 7 VAR. P/ PCT LOTE BRZ088,4,9
APTANUTRI 3 C800GRS,4,4
TUBETES 180 ML JKS 126 UNIDADES-910010355 2 BANDEJAS 63 CELULAS JKS 910010230,4,39
BELICHE MEL ESPECIAL,4,94
KIT QUEIJO QUATRO PCS WC409679,4,82
CARTELA C/ 66 ETIQUETA NESTON IORGUTE LIQ.MACA BANANA MD2,4,48
TRUPONOL OST LIQ.(NOCIVO),4,38
PETIT GATEUA,4,19
"VERDE MEL PRIMER CX 3,6LTS",4,32
FD MAN PDO S/IMP 430X305X125,4,4
PORTA REQUEIJAO FOLHA,4,39
JACK DE MEL,4,22
PALHA ITALIANA NINHO,4,17
"055 APTANUTRI 3 PREMIUM 12 A 36 MESES.01X800 %AGR:  22,7900 BASE ST: ********184,33 VALOR ST: **********5,82",4,4
TRIANGULO RECOSTE BEM - DUOFLEX 38X38X53CM **,4,94
STANDAK TOP 10X1 L,4,
BRAGURT VEGETAL SABOR IOGURTE NATURAL PO SOLUVEL PROBIOTICO,4,21
PALITO DE QUEIJO PEROLA MINEIRA 1 KG,4,19
NANLAC COMF 1A3 F 800G,4,4
CAIXINHA FLORES GATINHA CHIC (30UN),4,48
CODORNA,4,2
FORMULA NINHO FASES1+ 800G X2 PRESP,4,4
FEMEA S COBERTURA - 221.500,4,4
SOBREMESA KG-DA CASA,4,21
DECORACAO OVO VASO DE FLORES COM CASCA DE OVO UNICA UN,4,69
"NATURAL COLORS MEL +5,25-DP4752",4,32
BEZERRA SINDI PO,4,1
OSCILLOC 200K C/30,4,30
FEMEA S COBERTURA - 322.500,4,4
BANDEJA PARA QUEIJO :,4,39
EMBAUBA IMBAUBA BRANCA CECROPIA PACHYSTACHYA LOTE CPA001SN,4,6
POTE UNICOLOR 1.800 LEITE EM PO,4,39
H104 APARELHO PARA RESF. LEITE,4,84
NANLAC COMF 1A3 F 800G,4,4
GALINHA ANGOLA C/ OVOS GDE.,4,1
DBR REG GO/PN/CX CP BRR-DF 10 JI 312 NORTE,4,4
PV THUYA AVICOLA 90 ML,4,30
"PELICULA PLASTICA PARA LEITE CAMBY PASTEURIZADO INTEGRAL HOMOGENEIZADO 1L 30,50 X 24,50 X 0,0070  PE",4,39
A ARTE DE MEL BROOKS,4,49
"ETIQ PVC 150X120,65MM 307906 IOGURTE GREGO FLOCOS 450G ITAMBE - V.0",4,39
NINHO 3 PECAS YOYO BABY,4,94
ETIQ BOPP 56X99MM 471132 IOGURTE BATAVO PEDACOS DUO 10X MAIS MARACUJA E PESSEGO 100GR ETQ061 - V02,4,39
CLICHÊ VÓ ERMÍNIA CX 10,4,84
"CEPA PADRAO, TIPO STAPHILOCOCCUS AUREUS, CARACTERISTICAS ADICIONAIS ATCC 25923 - LOTE 27665 VALIDADE 09/03/22 - NEWPROV",4,30
POTE P/LEITE EM PO LUNIS PEQUENINOS C/1,4,39
VACA PO REGISTRADA,4,4
ST830IPRO TRTD? 200K 1 ST,4,
1225057 CALCADOS ENERGY BABY 2.0 TECIDO IOGURTE/MULTICOLOR 18,4,64
FILME LAM TAMPA QUEIJO MUSSARELA FATIADO 150G - IMBAUBA (103951) L:491876,4,39
FORMA PARA QUEIJO MUSSARELA E REQUEIJAO 1KG INJESUL,4,39
APIS CIENCIAS 1 ANO(REFORMULADO),4,49
GALAO LEITE PLAST. 20L 28072,4,39
"PÃO INTEGRAL TOP BOM 400G                            0,01UN",4,19
MELAG VIT C E.FORT C20,4,30
NANLAC COMF 1A3 F 800G,4,4
NINHO P TRINCA FERRO C SAMAMBAIA,4,44
GARRAFA DE LEITE 1L,4,39
"PAPEL MANTEIGA 28CMX7,5M",4,48
COMPOSTO VIBRACIONAL STRESS ZERO 15ML,4,30
D10388 A 3002 G,4,4
KIT COMPOSTO POR UM SUPORTE E UM SACHE DE FRAGANCIA NATURAL,4,33
KIT COM 02 MEL COLA ANNA TELLES - 500G CADA,4,21
"COLCHÃO HOSPITALAR INFANTIL D26 - 1,48 X 0,58 X 0,08 - AZUL",4,94
LEITE AR.IND.NAT.PO,4,4
CN NATALINA DIGNIDADE ZERO ALCOOL,4,22
FORMA PARMESAO 3KG,4,4
NINHO P/ CANARIO TERRA,4,44
BANDEJA ABERTA P/OVOS 3 4 5 007067 NT V,4,48
ETIQ BOPP 57X129MM MP001647 DOCE DE LEITE FRIMESA POTE QUADRADO 400G - BEMIS - V04,4,48
NINHO HORA DE DORMIR 350G,4,4
CEFANOL 8X3 KG,4,38
PAPEL MANTEIGA,4,48
KIT TRINCA FERRO FIBRA LARANJA E MAMAO + EXTRUSADA OVOS E MEL REINO DAS AVES,4,23
CPO PP RQ 200/75 LAT. TOP MILKS TRADICIONAL C/1000 - PEDIDO 2024/1995 - 16588,4,4
BATE CHANTILLY PIRACANJUBA 200G,4,4
PAPEL MANTEIGA 30X75,4,48
LEI 14133/21 - NOVA LEI DE LICITACOESDETALHAMENTO DE TODOS OS ITENS DESTA FATURA: LEI 14133/21 - NOVA LEI DE LICITACOES,4,49
KIT P MOG MEL C/B MOG MEL 850X2135X120 E GUARN REG - FECH ROSETA TAMBOR,4,44
ET BATAVO PED MOR V03 100G FLE,4,4
SETE SANGRIAS PAULISTA,4,22
DESSORADOR MINAS PADRAO 800GR,4,4
EGUA,4,1
SOBREMESA DIVERSAS,4,4
CX.PAP= REF: CAIXA LEITE CONDENSADO FEITO EM MINAS  CORTE E VINCO,4,48
B NAGA LEITE 10 X 800G,4,4
P MEL ART 25X240G,4,4
SOYMAX LEITE 22 F 40KG,4,21
ESPáTULA PARA MANTEIGA  ESPáTULA DE MANTEIGA GELEIA PATE 1 ESPáTULA,4,82
"18397-4 ROT.3 POL.0,08 S/AD A083 110X75MM MUSSARELA PEQUENA",4,4
NANLAC COMFOR FORMULA INFANTIL LATA 2X800G 20OFF NA SEG,4,4
PRODUTOS NAO LISTADOS - TANQUE PARA LEITE L.240 LT  - OUTROS,4,73
BAND  P/30 OVOS  BRANCA  /AMARELA  100 UND REPARCK,4,48
"JG GUARN MEL. NIAGARA OAK M R4,5 60/10 C/ 5 PC 2300X70X12 P/ PORTAX1000 (FORNECEDOR: 1, LOTE: 420047, QTDE:",4,44
OVO TIPO 1 CARTELA COM 30 UNIDADES SAO GABRIEL,4,4
COMPOSTO BOTANICO RELAXAMENTO KUR,4,13
PORTUGUESAS BRAZAO,4,
"BOI LEVE - 4,115.500",4,2
MISTO,4,4
BOLSA DE MA PL MANTEIGA,4,42
THUYA AVICOLA 90 ML,4,33
CLICHE OVOS DE CODORNA NAJU 700G 450X280 G LAMINADO (PET+PE),4,39
KIT QUEIJO 3 PECAS,4,82
HORT FRUT SOFT,4,7
VT ML 395.109/2003,4,
NANLAC CONFOR 1 A 3 800G,4,4
BEIJO GREGO,4,21
JOGO DE LENCOL COM 3 PECAS GATINHOS / ROSA IOGURTE / U,4,63
FIBREMS C/10 SACHES 5G,4,21
EMPORIO NAT OREGANO KG,4,9
18238-49 ROT.3 POL SA008 A210 100X210MM MANTEIGA ALEMA BARRA C/SAL,4,4
ESTAÇÃO MULTI-FUNCIONAL COM SMITH - PRO,4,95
BUSCOVERAN COMPOSTO SOL ORAL 1,4,30
DX CS G/O CX CAMPINAS PA 180G 12 BRANCO,4,4
FORMULA INF NOVAMIL RICE 400G,4,4
"BAMBOO MARTAN, ESSÊNCIA - 1X800",4,33
JJ- 6781354989 _ 2024_MS_CHAPADAO DO SUL_EQUIPE DE TRABALHO - PAROQUIA SAO PEDRO APOSTOLO- MOD 003 TAMANHO - INFANTIL 06,4,61
CASCA DE OVO BRANCO 100 GR,4,4
FAVO DE MEL,4,4
COMPOSTO DE POLIPROPILENO COM CARGA P9,4,39
NINHO MAD.PERIQUITO HZ IND.,4,44
SOBRE TAMP CUBO DT SC CROSCA,4,87
JM -6781354989 -  MOD 003 - 2023 - MS -CHAPADAO DO SUL - 5 ACAMPAMENTO SENIOR TAMANHO - INFANTIL 02 (DISPONIBILIDADE: D,4,63
AHO PORO - CX,4,4
OVO YONI PEDRA JASPE VERMELHO IDEAL POMPOARISMO SEM FURO LEIA TODO ANUNCIO REFF 96.9,4,68
PAPEL MANTEIGA P/ PIZZA N. 35 C/ 100 UN.,4,48
ETIQUETA CHEESE FIT 500 UN - R,4,48
MISTO DO CHEF,4,4
PETIT GÂTEAU,4,19
"ETIQ PVC 150X120,65MM IOGURTE GREGO TRADICIONAL ITAMBE 450G AMCOR 35U - MP002217 / 311961 - V02",4,39
BELSPAN COMPOSTO 20ML GOTAS,4,30
CAIXA PETIT 1 10X10X4CM - 7898198011594 -ESTAMPA - 054,4,48
TOTAL VIRGEM BISNAGA 15G,4,33
SELFCARE FLOR AZUL PB TAMANHO:P,4,33
"BEZERRA NELORE PO REGISTRADA, 0 A 2 MESES",4,1
VAL DE FLORES,4,6
FORMULA INF NINHO HORA DORMIR 350G,4,4
"KIT OVOS DECO PINTADO JAR C6, MC002",4,97
KIT PARA QUEIJO C/4 PECAS,4,82
COZINHA 06419 PETIT CHEF,4,94
NINHO IDADE ESCOLAR 740G,4,4
JOGO AMERICANO IOGA VERDE,4,63
CHOCADEIRA DE OVOS LANCAMENTO 2024,4,84
PE PALITO 20CM 15G MEL,4,17
AROEIRA FOLHA KG,4,12
FR PET 30ML TULIPA (B18MM),4,39
TAMPA PARA CAIXA DE LEITE VACA TETA VAQUINHA COW COM FURO,4,39
CLIP STRIP - CREME DE RICOTA S,4,4
HIBISCO QUEBRADO DESIDRATADO 1KG,4,7
CAIXA NINHO ABELHA COMPLETA,4,84
PAPEL MANTEIGA,4,48
FEMEA S COBERTURA - 272.500,4,4
EXTRATO DE PROPOLIS C/ VITAMINA C + VIT D3 + ZINCO - 60 CAPS - NUTRALIN,4,21
BATEDEIRA DE MANTEIGA MRN T50 - N .SERIE: 29689,4,84
CP DANUBIO COTTAGE + GEL.DAMAS,4,4
APTANUTRI 3 800G AMAZON,4,4
POCOI TW15-H / COD 1477309 REQ 1955632 SEQ 1,4,
NINHO IDADE ESCOLAR 750G,4,4
"055 APTANUTRI 3 PREMIUM 12 A 36 MESES.01X800 %AGR:  22,7900 BASE ST: ********153,35 VALOR ST: **********4,84",4,4
IMPRESSO CURCUMA PREMIUM 270ML VERSO GHEE,4,15
OE PATCHOULI LIGHT - UN (10 ML),4,33
LTE PLANA ESP GOLD MARROM 71 MM BASE 6.00,4,90
INC.MASSALA MIRRA CX 25 PCT 7 VAR.P/PCT LOTE BRZ114,4,33
PO CASCA DE COCO - 500 G,4,14
MEL 57210572 TRENZINHO MADEIRA,4,95
DBR REG GO/PN/CX CP BRR-DF 10 EC 218 DE STA MARIA,4,4
V20 BLA 090 LARANJA 36,4,
FILME LEITE EM PO INTEGRAL  400G - GLORIA,4,4
NINHO C LA FASES 1800,4,4
TABUAS QUEIJOS FRIOS PORCOES MESA POSTA 25 CM REDONDA 2 PC NOME DO DESENHO:MARFIM;COR:MARFIM,4,44
ORG CLEAR OVOS FRESH OF150,4,4
PESCOÇO INFANTIL ALMOFADA NEUTRO,4,94
CLICHÊ RONI MESSIAS VC 10 KG,4,37
MELAG VIT C E.FORT C20,4,30
VIT TRELOSO CLUBINHO LEITE 30X130G,4,19
NOVAMIL AR X 400G,4,4
BANDEJA PARA OVOS NEW BONE MONTANA- BRAN,4,69
PAPEL MANTEIGA MM 30,4,48
YUMMY GEL COMESTIVEL TERMICO 15ML SEXY FANTASY LEITE CONDENSADO,4,33
POTE PARA MANTEIGA AZUL MARSEILLE - 11X10CM,4,69
CONJ AZUL SEED T08,4,0
EMBALAGENS DE OVOS DE GALINHA EM POLPA DE PAPELAO 250 UNIDADES,4,48
SITIO VARGEM GRANDE B2B1000,4,4
CLICHE PAMFIS QUEIJO MUSSARELA RALADO 1KG 480X320 E LAM (PET+PE),4,39
CONJUNTOMALHA ANITA- TAMANHO 10,4,61
ROTULO SLEEVER TERMOENCOLHIVEL - CREME MINAS FRESCAL 200GR,4,39
"JOGO P QUEIJO 5 PCS MONACO 7851 VALOR APROXIMADO DOS TRIBUTOS R$ 5,22 (22,01%) FONTE IBPT",4,82
COMPOSTO TERPENICO MICOSANI 20ML,4,33
BASIC AMARELO MANTEIGA GG,4,4
1X18 IPERESPRESSO GUATEMALA 13935590-5,4,9
XYLITOL KG HORTI FRUTI KG,7,17
ABOBORA KRIAT HW BASTAO 13125,7,7
VIGOTA CANELA-MANDIOCA M,7,44
ODO BREEZE SENSATION WONDER 24X5ML-2082,7,33
SUPORTE TOMATE,7,73
ACCUFILM CX. 280 FOLHAS.   PARKELL,7,48
"055 PEPINO CLASSIC CHEF...............01X300 %AGR:  27,3000 B.ST: *******47,71 V.ST: ********1,74      CXA:       0,266",7,7
OREGANO,7,9
"FRUITT LIFE STRAW 18,9",7,39
CONDIMENTOS PETISCO TEMPERO BAIANO 30 GR,7,9
TOP AGRIAO / PRETO M,7,61
OE IMMORTELLE,7,33
BOLA FEIJAO,7,95
TEMPERO ALHO E SAL AMAFIL 1KG,7,21
"OTAF ROT.3 PP FC CA20 A158 90X175MM-1C COM HORTELA, LIMAO E GENGIBRE",7,21
LEG VELUDO - ABOBORA - P,7,61
COGUMELO NOVO P,7,7
ESCOVA TIPO PEPINO CADILLAC,7,96
BICO PAPAGAIO SEM RABO,7,95
MULTI BERINJELA FLORIDA MARKET 7896026061513,7,7
C.O PE TRES FOLHAS,7,
SOPEIRA BERINJELA,7,69
SCS PLAST NP CENOURA RALADA 1KG COOPERAI 20.00 X 26.00 L:359193,7,7
REMESSA - CM IMPRIMACAO - ISENTO,7,49
17137-EXAME-TIPO:IMUNOENSAIO;ESPECIE;SEMIQUANTITATIVA DE ANTICORPOS IGM;DETECCAO:CITOMEGALOVIRUS,7,38
- PA LENTILHA 1/4X5/8 - RI ZB,7,7
OREGANO,7,9
TRAPOERABA ROXA,7,7
ACETAMIDA PURISSIMA 100G,7,29
AB 50601,7,7
SAL PARRILHA ALHO SOETO 320GR         20,7,25
POTE GRANDE - SAL COM ALHO 480G,7,21
AGAPANTHUS ROXO,7,6
PILAO DE ALHO PLASTICO,7,39
PT GRAU DIREITO HORTI FRUTI PREMIUM 350 X 225MM PRETO,7,39
OREGANO,7,9
HYDRATE 500G,7,21
SAL ROSA/ALHO/CEBOLA BR SPICES 70G C/MOEDOR,7,21
ESSENC ANTITABACO NACIONAL,7,33
HORTFRUIT MORICOTA,7,8
MODIFICADOR ORGANICO VALLE 500 ML,7,33
SAL DE PARRILLA E PIMENTA E ALHO CANTA GALLO NETAO 250G CANTA GALLO UN,7,25
SAL ESPECIAL COM ALHO E CEBOLA 300G,7,21
VASO ABOBORA -,7,69
ALFARROBA EM PO 200G SANTO OLEO,7,8
VASOS DE HORTELA,7,7
OREGANO,7,9
ROTULOS - ALHO E CEBOLA 80G. 150X52MM 5X0 BOPP METALIZADO.,7,48
SELDORA VACUO,7,
PIMENTAO PORCELANA C/ PARAFUSO,7,85
PIMENTA ANDINA BL 10 UN *,7,7
SAQUINHO DE BATATA BK 22X11FD 6000UND,7,48
OSSO CENOURA CAIXA C/30 PCS,7,23
"EXT 3 X 0,75MM 10 MTS C/ TOM TRIPL PRETA",7,85
CARREGADORCEL TOM EPTA200,7,85
BICO PAPAGAIO SEM RABO,7,82
0007 ABOBORA GRANDE P/PENDURAR,7,7
ABOBORA BALDE PRETO,7,39
PLANTADEIRA DE MANDIOCA 2 LINHAS,7,84
OUTROS/MORANGA M,7,7
LEG F PERFORMANCE ALECRIM P,7,61
W S/S VNK NEW FAVE CORE TH100 PP,7,61
EXPRESSO VIBRANTE,7,
REC 50068570-0 CAPSULAS CADASTRADA 2X1 UN,7,30
ID-6796969850MSPONTA PORAMIL AVE-MARIAS - PAROQUIA DIVINO ESPIRITO SANTO - MOD. 002 TAMANHO - TAM. ESPECIAL EX2 (DISP,7,62
HORTELA 10X5 ST,7,7
FOLHAS DE CONTRIBUICAO - 2017,7,49
EMBALAGEM BATATA CHEDDAR 600UN,7,48
ESSENC. CANELA 010018,7,33
"GEOMETRIC - POTE, 500 ML - ALHO (CAIXA C/ 15)",7,20
CX BATATA FRITAS TIPO MC - PADRAO,7,7
FOR BABY COGUMELO,7,95
FLORES *(VERMELHO CORAL/AMA SOL/LARANJA CENOURA/RISTAL),7,6
PORTA CONDIMENTOS CEBOLA,7,39
BALANCA 500G TOMATE,7,84
KIT BIJUS CENOURA,7,71
REC 11570790-0 CAPSULAS CADASTRADA 2X1 UN,7,30
OREGANO 01 KG,7,9
"PANTANAL 65 PRECO ORIGINAL R$:113,45",7,
B-525 PRO HF 883464 CX 4X5L,7,38
FRANGUET VEGETAL CX 300G,7,21
CARTEIRA MAXIXE - CARAMELO,7,42
INTERCONECTOR 6338 DES 1401113D - 1401081D 316L,7,73
ABOBORA BALDE PRETO,7,39
NL MC VELUSO ESST AZUL FLOR BEGE GISELE PEDROZO M,7,61
BETERRABA 8 CELULAS,7,7
EMBALAGEM BATATA 100G,7,48
4066 - TG66 - ALECRIM G,7,7
COELHO C/CENOURA 10CM # PAS0063,7,95
ENERMAX-HF - 30 KG,7,38
SALT GROSSO COM ALHO GOURMET 500 G,7,25
UPTEC RUCULA HD1 20 KG,7,7
MORANGA AMARELA,7,7
RUBEOLA 13G - VERDE,7,30
OREGANO,7,9
SACO RUCULA VERDE C/1000 UND,7,7
PROCTAN HEMORROIDAS 25G,7,30
CAIXA NOVO HAMBURGO AF4660,7,48
CANTUS FR 500 GRS - ORIGEM 5,7,
INSECT 20KG HELMESTAR,7,38
EXTRATO DE AGRIAO L MATERIA PRIMA,7,7
INSULINA FOLHA 25G,7,30
COR:BERINGELA;TAMANHO:P,7,7
OREGANO ZAELI 10X7 - SC,7,9
CANUT 9MM PRATA 21 500G,7,71
THR320 (ORIGIN),7,
EMBALAGENS CONICAS S/I MED.24X14X35 P/RUCULA HID,7,39
GIBI CEBOLINHA FABULAS,7,49
BOLA FEIJAO LARANJA 45CMX90CM,7,95
UPTEC ALFACE HD1 20 KG *,7,7
"ETOFADO COIMBRA IMPERIAL 2,42 ESTOFADOS IMPERIAL",7,94
"FRUITT LIFE STRAW 18,9",7,39
UPTEC ALFACE HD1 20 KG,7,7
NUFURON (ALLY) - CX 100X10 GR 0 KG,7,30
E.V.A APLIKS MEDIO 172 ABOBORA,7,39
OREGANO,7,9
FAIXA INVERNADA LISO TOMATE ADULTO 7899827756619,7,62
SOUSPLAT PIMENTA,7,69
VERDURAS DIVERSAS BANDEJA,7,7
"CHEIRO DO RALO, O 9788535919189",7,49
PAINEL ABOBORA GRD 44X38CM,7,94
ABOBORA DECORATIVA HALLOWEEN - UNIDADE,7,95
KIT MINI NINJA II PIMENTA SEXY VERMELHO.,7,33
GARRAFA CHUCHU G,7,39
SAL PARRILHA ALHO SOETO 320GR          1,7,25
EMBALAGENS CONICAS HID MED.24X14X25 P/RUCULA HID,7,39
OREGANO,7,7
"AIPO - SALSãO 0,5G (REF 024)",7,7
ALMOFADA COGUMELO NOZES,7,94
"055 CEBOLINHA CRISTAL CLASSIC CHEF VD.01X100 %AGR:  27,3000 BASE ST: *********21,75 VALOR ST: **********0,79",7,7
FOLHAS DE AMORA,7,12
E.V.A APLIKS MEDIO 172 ABOBORA,7,39
PALHA BAT DOCE ALECRIM 200G ROOTS,7,17
OLEO DE ALHO CAP. 250 MG (POTE C/100),7,30
HATTA TORRADINHA KG 0 UN,7,19
HELICOIDE DE VAGEM PL 01,7,84
MALVA FOLHAS 30 GR,7,12
"PICKERS ANEL CEBOLA PRE FORMADO 1,05KG",7,16
ABOBORA BRUXA UNICA,7,7
10 UN PLANTA AQUATICA ALFACE DAGUA PISTIA STRATIOTES AQUARIO,7,7
"PANAMBY - POTE COLORS 1,8LT FEIJAO",7,39
OREGANO,7,9
PIMENTA MISTA CHAO PRETO 80GR,7,9
MESA LEBLON ROXO IMPORTADO,7,94
LIN  DE CHEIRO RENDA,7,33
TOM. TELEB. C/RJ1103744N,7,85
DANIEL [CD],7,85
MOYASHI 500GR,7,7
CATUNI SECO,7,7
5200 LIQUIFICADOR TOMATE MAZ-003 ROSA,7,85
OREGANO KG,7,9
"055 PEPINO CLASSIC CHEF...............01X300 %AGR:  27,3000 B.ST: ******174,54 V.ST: ********6,36      CXA:       1,000",7,7
ESCARIF. HIDROP. EHP 500 6H -IPACOL,7,84
VACA TF - 237.900,7,2
PRODUTOS NAO LISTADOS - BERINGELA - OUTROS,7,7
CRISTAL MEDIO COGUMELO DE SHITAKE,7,7
EXPRESSO VIBRANTE,7,
MANGERONA TEMP PRUDENTINO10G,7,12
SALVIA PV C/10,7,7
PAU ALECRIM,7,44
"CHEIRO PARA EMBALAGEM  AROMA  PERFUME PARA LOJA, PAPEL E ARTESANATO PIMENTA ROSA,100ML",7,33
"ISPERIA, JUíZA SUPREMA",7,49
ITEM FORNEC. ALTO VACUO,7,84
OSSO SAO BENEDITO CENOURA MINI,7,5
FIO NAUTICO 3 MM ALFACE 1 KG,7,54
CX AV-400,7,84
"CHEIRO PARA EMBALAGEM  AROMA  PERFUME PARA LOJA, PAPEL E ARTESANATO MELANCIA,100ML",7,33
"CSDUV 15/400/95 MAURIZIO - PESO: 63,0000",7,84
ALMOFADA - HIBRIDA,7,94
CX BATATA FRITAS TIPO MC - PADRAO,7,7
TRAPOERABA ROXA,7,7
B CHOCONICE BRANCO 150G,7,18
TUPPERWARE REDONDINHA TOMATE BISTRO 500ML,7,39
GARRAFA PIMENTA - 250 ML,7,20
CESTA EM  PALHA C/ COELHA C/ FLORES E CENOURA,7,46
AB 50157,7,0
FORMULA C/OLI OLA 120MG/CAP GELAT BR/BR 120UN/,7,30
(T) SHE IS VERDE TAMANHO:G,7,61
OREGANO,7,9
5N DISCO ABRASIVO P/ CEBOLA   ALHO DBL-10,7,68
"ADAPTADOR RISUS PARA COMO4, MERANO, SALSA 3, SALSA 4 E ZOOM",7,87
HAVAIANAS CHINELO SLIM SPARKLE 3544 34 BERINJELA BERINJELA BERINJELA,7,64
PENDRIVE TOMATE,7,7
ALECRIM P36,7,7
MULE PIMENTA,7,64
"CENOURA DECORATIVA MACO C/3 LJA/VRD 17,5CM (CENOURAS) C/1 UN",7,67
MANGA DEMON SLAYER - KIMETSU NO YAIBA 18,8,49
MACA DE RESGATE RETRATIL ##ESPECIAL 1700 INCLINADA,8,94
SAIDA MANGA M PRETO,8,61
ESS. FIGO,8,8
BANANA MOOD - VERDE,8,8
MANGA,8,8
MANGA BOTÃO LISA - SUNRISE .G ASUN,8,61
PROVERBIOS (LARANJA),8,8
COROA E PINHAO K2700 11 X 43,8,87
BAN,8,
MURCOTE,8,8
CASTANHA N2,8,8
MURCOTE,8,8
HIDRAPLEX LARANJA ENVELOPE,8,21
PITANGA,8,8
OBI AFRICANO - UNIDADE UMBANDA CANDOMBLE.,8,97
MACA GD FAMILIA,8,8
PINHAO - NISSAN,8,87
MP PM MILTIMIX INDUSTRIAL KG,8,38
BAND.SEXTAVADA18X20 LARANJA,8,72
MACA DE 190 X 80,8,94
ENVOLTURA MAGIC - CAJU BRASIL COR:PRETO;TAMANHO:M,8,61
KIT FRUTA,8,8
AVELA,8,8
PELES FRESCAS DE BOVINO (168 UN),8,41
COCO CAPRYLATE/CAPRATE - DUB 810 C - ESCOLHA O TAMANHO DO RECIPIENTE: : 800 GR,8,29
"13410 - NACIONAL - 1,10 X 1,40 KPZ",8,8
PINHAO SISTEMA TITANIUM,8,84
ROMA IMP,8,8
MANGA TOKYO REVENGERS (NOVO - LACRADO) VOL.1,8,49
B LISTRADA MANGA 3/4,8,61
(9788537600306)MINICLASSICOS REI LEAO DA SAVANA (EDI LE),8,49
MANGA  AGULHADO ZAT125410001,8,84
BRASCORTEM EFEITO LARANJA 900ML,8,32
PINHAO 6K DWE4559,8,84
CASTANHA DE LINHA 40X60M,8,8
LYSIMACHIA NUMMULARIA,8,6
"PE00 PRTO 2400X40000X5,0 BM",8,8
BEM ME QUEROPO BANANA -12,8,8
PINHAO 16-D CG150/FAN 09,8,87
POKAN,8,8
EST KIWI 68317 L 150 #,8,8
PESSEGO CRISTALINI CX 25KGS,8,8
SACO AMEIXA REAL 900ML REAL UN,8,39
PINHA / PRETO,8,8
ESSENCIA MACA VERDE ESTOQUE L,8,33
REG F RECORTADA GOIABA V22 M,8,8
"5000,00KGS DE CARVAO DE CASCA DE COCO ACONDICIONADOS EM 500 CAIXAS MASTER,EMBALADO A GRANEL,CADA CAIXA CONTENDO 10 SACOL",8,27
O QUEBRA-NOZES,8,8
"MELAM. IMPORT. FRUTEIRA G                            0,08UN",8,39
28.23707AP3 3-PINHA P3 59345 UND,8,
H CARA BDJ EMB HORTIFRUTI UN,8,8
PINHA DE NATAL AG8551,8,95
MANGA FLEXIBLE,8,40
FORMULA C/OL. DE UVAS 1%;AC. GLICOLICO 4%;AVENOLAT 2%;PENTAVITIN 2%;VITAMINA E 1%;UREIA 10%;LOC. CREMOSA HID 130ML;,8,33
575-PINHAO PINHAO 9C6023,8,84
COROA PINHAO 9X43,8,87
PINHAO KM 700S,8,8
BERMUDAAJEANSASLIMA5APOCKETSAOFERTAATEENO:KAKI:10,8,62
COROA E PINHAO COROA E PINHAO,8,84
MANGA BOTÃO LISA - PINK .G RNEO,8,61
3869BLUSA MANGA CURTA,8,61
JAMBO DO PARA,8,8
EMBRUN TAMANHO:0-6 MESES,8,61
MIRAGEM  113- A - AVELA/BRANCO - F:PO ( VI: PRETO ),8,8
PINHA DIAMANTE,8,6
"DELTAPLUS TANGERINA 5,0 L",8,8
COROA PINHAO 9X37,8,87
OUTROS PRODUTOS DA AGRICULTURA - ACEROLA - OUTROS,8,8
CASTANHA MACADAME,8,8
CRD MEMENTO LINHA HAS,8,
MANGA LONGA PRETA G,8,61
ESSECIA LIMA LIMAO 120 ML,8,33
BOLSAO ST4752/BGC0306 LARANJA,8,42
PETISCO TURQUESA MAR LARANJA,8,21
MACA MESA DE MASSAGEM PREMIUM MODELO MMP70B COR BRANCA,8,94
MANGA THE JOJOLANDS 5 EM JAPONES,8,49
ESS LIMAO SICILIANO ONE AROMAT.,8,33
159-135-212R SONOCONVERSOR 30 KHZ,8,85
KIT AUTOCUIDADO MANGA VERDE,8,33
MIX DE CASTANHAS PETISQUEIRA,8,8
PELES FRESCAS DE BOVINO (383 UN),8,41
BLUEBERRY MUFFING YANKEE,8,19
UVA ACRILICA LILAS,8,39
"PINHAO /18,0KG",8,8
MOCACCINO,8,21
MACA RESGATEX SKED ENVELOPE LARANJA,8,90
MANGA,8,8
VEESTIDO VALERIA,8,61
MANGA - MY HERO ACADEMIA - 36 - NOVO/LACRADO,8,49
PINHA IMPERIAL G,8,8
FRUTA 10 PECAS,8,8
(C5NN7106D) - PINHAO Z21 DESLIZANTE (4A.) - IMP.,8,84
LARANJA PEQUENA AMARELA,8,8
58050009 ATACAMA TAMARA,8,58
MANGA LONGA,8,61
MINI CEREJA C/18,8,8
SAIDA MANGA 3/4 G BRANCO,8,61
PINHAO ENTRADA 10Z 21 ESTRIAS,8,84
RAPEL 3KG,8,39
MANGA,8,8
COROA PINHAO 26X24 REX,8,84
ENCOSTO VIVA   - LARANJA 33,8,94
MACADAMIA SEM SAL (ESTILO 2),8,8
OUTROS PRODUTOS DA AGRICULTURA - MAMAO - OUTRAS,8,8
FRUTAS E VERDURAS,8,7
PINHA COM BASE / ESMERALDA,8,68
COMPLEMENTO DE PRECO ( REF. NFE 158),8,49
ESS. ALECRIM E LIMAO SICILIANO 100GR,8,33
PINHAO CG 125 14 DENTES MAX,8,87
POTE 1 LITR. UVA COM LEIT. CON,8,4
MANGA DEMON SLAYER ( KIMETSU NO YAIBA ) N 18,8,49
NUTRI FEIRINHA DIVERSOS UN,8,8
FÊMEA MÉDIO LARANJA,8,
"SUPLEMENTO 0,400 KG SC LIMAO",8,21
MANGA TOMIATE MD,8,8
MANGA,8,8
INT7101 IPRO,8,85
MANGA TRG0000FCI,8,8
PETISQUEIRO DE MORANGO COLORIDO,8,69
AQUARELA BASE BPZ 3 EM 1 TOM CAST 22TER UNICA UN,8,33
MANGA,8,8
MAMÃO,8,8
CHALE LISO COM MANGA VERMELHO,8,61
FMEL CH COCO CARAMEL20,8,8
TIPAGEM SANGUINEA SOROS ANTI A B D,8,30
BUBALINO FEMEA - 4.00,8,1
TENSOATIVO DO COCO - SODIUM COCO SULFATE (SCS) - 200 GR,8,34
MANGA LONGA BRANCA - PREMIUM - P,8,61
JARDIM TROPICAL CAJU/FLOR FUTON ALMOFADA = MC,8,94
PINHA PEQUENA -,8,8
PRODUTOS NAO LISTADOS - MACA DE TRANSPORTE - OUTROS MOBILIAR,8,94
MANGA - KG,8,8
ALBUMAX MORANGO 500GR,8,21
AMOSTRA RIPPA TAMARINDO 24 X 11CM (DURAMAX),8,48
"11366 - NACIONAL - 1,95 - R - MO",8,8
ROTULO ABACAXI C/ HORTELA  160 X 190,8,48
BANANA FISH N.1 [REB4] ***,8,8
MANGA CUMPRIDA,8,61
C 16G,8,
CX- NOVA 14,8,
181711107100P000-BIKINI BRAZILIAN BACK P,8,61
COCO DE CERAMICAS,8,69
MAMAO BORDADO 680GR,8,8
OBI NACIONAL 2 GOMOS ROXO -  1 UNIDADE,8,8
LARANJA SOLAR GM 88 14.000.02893,8,32
JAMBO (SYZYGIUM MALACCENSE (L.) MERR. L.M. PERRY),8,8
PINHAO SUPERSPROX 1373 520 17 PARA NC750X,8,87
JG CASTANHA DURA,8,8
SANKO KAKI NO TANE ASSORT CRACKER 58GX20,8,19
UVA PLÁSTICO,8,39
LARANJA ORIENTAL - 15ML,8,33
MANGA LONGA AZUL CEU P,8,61
PITANGA,8,8
APARADOR 25MM 120X035X079 ACS1235-1010 AMEIXA GEBB,8,8
QUALY NUTRI FLUIMICINA 16SACHES LARANJA,8,30
GLASKLARE 10H,8,38
PINHA BRANCA,8,8
VCURTO MANGA BABAO FLOR VERM BOTANIN CONFY,8,61
CAST. MOLE PL AUTOBLOCK   210MM 1.5X60º  (1º LINHA),8,84
MULTIPOLPA LARANJA,8,8
MAÇA DE GINÁSTICA RITMICA CONECTAVEL - 40CM,8,95
LS232  - ROMA PRETO,8,8
CX LARANJA,8,8
CASTANHA N 2,8,8
MANGA LONGA8,8,61
TRIO DE MACA 100G COLOR ANDINA LOTE: 009,8,8
GOPRO MANGA + CORDAO (HERO11 PRETO/HERO10 PRETO/HERO9 PRETO) - ACESSORIO OFICIAL GOPRO,8,85
LATINHA CASTANHA DA INDIA 20G,8,12
ELF 4000PUFF KIWI PASSIONFRUIT GUAVA (KIWI/MARACUJA/GOIABA),8,24
GOIABA TAILAILANDESA - ESTACA,8,8
"PE05 PRTO 2200X42000X6,0 BM",8,72
"MORANGO FONDUE                                       0,08KG",8,21
ABENÇOADA. (LARANJA),8,8
COROA PINHAO 11X47 (MOTO PECAS),8,87
TAMPONAMENTO DE 15MM 600 X 150 X 15 = 0.09M2 SEQ.11,8,8
FRUTAS - BANANA PRATA VERDE,8,8
A RAPOSA E AS UVAS - LE PRA MIM,8,49
QUEBRA NOZES,8,82
MESA ROMA 160X90X75CM BS/PRETA,8,94
MANGA - SAKAMOTO DAYS 12 - NOVO/LACRADO,8,49
MANGA LONGA,8,61
B MANGA 3/4 EST,8,61
16G-16FL90S,8,
MANGA ESPADA,8,8
"055 APTANUTRI 3 PROFUT 12 A 36 MESES..01X800 %AGR:  22,7900 BASE ST: ********992,86 VALOR ST: *********31,33",8,19
LIMA K-FILE 1 SERIE (15-40) KIT C/6 - L:121822725 V:IND,8,90
RF 0669 - LARANJA,8,8
AIN LARANJA                                                  - LOTE : TBG122.15613.084     - DT VAL. 15/08/2024,8,8
CABREUVA,8,8
MANGA PALMEN MD,8,8
VB-LARANJA-COMFLIPPRETO,8,8
KIT COM 2 DESFRALDES MORANGUINHO GG,8,96
KIT COROA/PINHAO 51/14Z - COMP. DR-Z 400 (00/07),8,87
BODY ZIGGY - LARANJA BERGAMOTA P,8,61
"ALBAR ALBBA401388X C  OROA PINHAO, OV: 379  4301",8,87
MACA HIDRAULICA COM LEITO EM ABS - 2015ABS,8,90
MANGA LONGA,8,61
BV LARANJA LITRO NATURAL VIAG,8,8
ETROPLUS MACULATUS,8,3
CARTAZETES 7X14 CM N QT MAR26,8,48
MANGA LONGA AZUL CEU G,8,61
MEGACABEDAL/140/LARANJA/QLD03,8,64
ESS DE LIMA LIMAO 100ML,8,33
CX.PAP. 249X172X312 CX. GAMMY 06X970 FRUTAS VERMELHAS - REV.,8,48
HOSPITALAR D20 01200X1880X0780,8,90
BD2Y-3106-MANGA E.F-350/F-4000 72/86,8,87
PINHAO MOTO CG 125 14 DENTES MAX,8,87
MACA PARA MASSAGEM TIPO MALA C ORIFICIO PRETO SALUTEM,8,94
A GRANEL.MIX DE CASTANHA SECA KG FR,8,8
MAEJIMA TOROROKOMBU 16G,8,12
BANDEJA COM FRUTA,8,8
CAL PRECO IMP PRETO,8,25
MANGA LONGA COUNTER - M,8,61
BUBALLO,8,8
BR/ZI/FS MELANCIA TOP GOTA PEQUENA,8,8
MANGA KENNEDY LISA TRANSP,8,8
MURCOTE-,8,8
V STROM 1050XT LARANJA,8,87
COROA PINHAO 7X73,8,87
COB ENC L08 N CAQUI 9.5/4.5,8,8
PENCA OXAGUIAN ZAMAKI,8,97
COCOPURE GENGLIMAO18G,8,21
LARANJA FLEXO CT LAMINACAO FCL.32068.C,8,8
CASTANHA DE CAJU EXCELENCIA GRANULADA 70G 230X155 F LAMINADO (PET+PET MET M2BR+PE),8,8
PINHAO RE 13X21 - 183040EATON *,8,84
MANGA - DEMON SLAYER - KIMETSU NO YAIBA - 06,8,49
116876 - MACA DE EXAME CLINICO COM ESCADA,8,94
ESSENC BERG. TANGERINA,8,8
MARACUJA AMARELO  BOX  CX 25 UN,8,8
CLICHÊ SE DISTRIBUIDORA CX 2,8,84
MANGA,8,8
PELES FRESCAS DE BOVINO (480 UN),8,41
MANGA - TOKYO REVENGERS - 05 - NOVO/LACRADO,8,49
MIRAGEM  113- B - AVELA/BRANCO - F:PO ( VI: PRETO ),8,
MANGA KG,8,8
LINCHIA JASMINE 200G,8,8
#JUNINA EVA PAINEL PAU DE SEBO,8,39
ALFAZEMA EXTRA AZUL,8,33
PERA PEQUENA,8,8
MANGA ONE PIECE N 100,8,49
CATARINA MACA KG,8,8
MANGA,8,8
COROA-PINHAO RDD 540 RPM,8,84
FLOR /LARANJA 10,8,6
PITANGA,8,8
FIGUEIRA,8,8
MEIN KAMPF,8,49
COCOPURE GENGLIMAO18G,8,21
LONG 200511 - P - CAQUI,8,61
PERA MANCA BRANCO 2019,8,22
MORDEIRO LEAO LARANJA/AMARELO,8,95
ISPIRAZIONE ROMA,8,
ALIAN K1130 SUAVIDADE PASSA FACIL 500 ML,8,34
PELES FRESCAS DE BOVINO (264 UN),8,41
RAFITTHY 28.01106A CASTANHA,8,42
CASTANHA 7I34 50T,8,8
COROA PINHAO 8X41,8,87
PERA INSUFLADORA P/BURETA C/RABICHO,8,40
PINHAO DA RE 183040 ATC,8,84
POLARAX MORANGO SOLUCAO 100ML,8,30
CASTANHA DA INDIA,8,8
MANGA,8,8
BANANA BA-804-12942  DZ,8,8
LIFE LARANJA 4L,8,8
FRUTAS E VERDURAS FEIRINHA,8,8
CASTANHA DA INDIA 30 CASPSULAS AMAZON,8,21
ORAÇÕES MUDAM HISTÓRIAS...(LARANJA),8,49
MANGA LONGA LACINHOS,8,61
MANGA - IMAGINE E CRIE: VERDE,8,8
MANGA - ONE PIECE 3 EM 1 - 04 - NOVO/LACRADO,8,49
CABECA DE MANGA CABERAF FAZZOLIN 2 REGAIS E REF. CE BR UNICO,8,84
LARANJA POWERSOLV FF,8,8
COROA PINHAO 10X41 BRAS.,8,87
TOMATINHO CEREJA,8,7
ESSENC CERIESER & AVELA NT 177 50ML,8,33
BR MORANGO RESINA B112733,8,39
"10 ESCALDA PES NATURAL PARA BRINDES E PRESENTES EVENTOS ENVIO EM 24 HORAS AZUL/LAVANDA-CAMOMILA,1X (10 UNIDADES)",9,33
FOLHA AKI PAREDE G - LOURO,9,44
COMPOSTO CIRCULATORIO (CHA),9,9
MELISSA (CHA),9,9
"CAFE RIO BRILHANTE 199G 290X225 (0,012MM / P/ MET. / REVISAO)",9,9
CRAVO E CANELA - INCENSO INDIANO TAJ,9,33
DELONGHI MAGNIFICA MAQUINA DE CAFE ESPRESSO ECAM 22.110B 220V,9,84
CONDIM.FA CAMOMILA/15,9,12
SALVIA BRANCA BASTAO GRANDE,9,12
ADAPTADOR DE CAPSULAS TRES CORACOES PARA SUA DOLCE GUSTO,9,39
KIT MATE E TERERE CUIA BOMBA MOLA STANLEY VERDE ORIGINAL,9,69
- CHA-33 BANDANA WY40,9,62
CRAVO HARD ROCK (VINHO),9,22
235-WOBBLER - COMBO:  CAFE ESPRESSO/COADO + DONUTS - CAFE,9,21
CAFE COM JESUS,9,9
LONG SLEEVE KNIT TOP W1:VERMELHO:P,9,61
"VENENO DA MADRUGADA, O - A MA HORA",9,49
CAIXA DE PRODUTOS PARA TERERE ARTESANAL,9,44
ORIGIN CARBON 05,9,
SALVIA BRANCA - INCENSO CASCATA GOLOKA,9,33
PORTA ANIS ESTRELADO 60G - ESPECIARIA DRINK,9,9
EMBALAGENS ERVA MATE 500 GR F 32 - 56X75 JADE,9,48
CAFE TANGERINN - BIBLIOTECA AZUL,9,9
CAPSULA MACRO,9,30
ESS. ERVA DOCE,9,9
INC. CLOVE CANELA CX 25 PCT 7 VAR. P/ PCT LOTE BRZ088,9,9
GREEN LINE CHA,9,9
"CAFE FLOR DA SERRA 500G 350X290 (0,012MM / P/ MET. / REVISAO)",9,9
AKAFLOOR SOFT - PANTANAL MATE,9,44
CHA DE BEBE CARRINHO AZUL,9,95
CURCUMA,9,9
ALTO GRAO COAMO 38% BAG/900KG,9,9
LEAO CHA VIT LARCE 10,9,9
CAMOMILA PO MATRICARIA RECUTITA,9,9
STARBUCKS - ROSA ESTONADO,9,21
CAFE COMPLETO,9,9
TERERE NACIONAL C/500G COR-AZUL BIC,9,9
CAIXA CHA MINI Z35280-4,9,48
TERERE INF. METAL ARGOLINHA COLOR CX KOKO JR,9,73
ESPRESSO,9,9
CANELA 6 CENTIMETROS INTEIRA 1KG,9,9
TERERE FLORK,9,9
ARTEMISIA DESIDRATADA CHA PREMIUM 100GR,9,9
ALECRIM DESIDRATADA 6G KITANO,9,9
P/ CAPSULAS NESPRESSO ROSE GOLD,9,73
CONDIMENTO FA 20G CHINICHURRI FA UN,9,9
BANDEJAMESINHA PARA SERVIR CAFE DA MANHAREFEICAO COM PEZINHO GRAOS CAFE ESCURA,9,44
COMPOSTO DA BABILONIA EXTRATO CONCENTRADO NATURAL CHA 100ML,9,9
CRAVO SB5 - DERBY,9,9
CRAVO E CANELA - INCENSO NIRVANA,9,33
CHA DE NO DE CACHORRO - HETEROPTERIS APHRODISIACA O.M. - 100G,9,9
ALFAZEMA NEW BELL 1 L,9,33
DISPLAY LOR CAPSULA ALUMINIO OBRA PRIMA EM SABOR,9,70
CURCUMA E PIPERINA 1 UNIDADE,9,9
CRAVO PARA FERRADURA - 25 UNIDADES,9,73
225UN CAPSULAS EXCIPIENTE,9,30
CURCUMA,9,9
MESTICO  PAPRICA /MESTICO CHICLETE ID PRODUTO = 186546,9,17
BARISTA (A4) (COR) - ISBN: 0000000000000,9,9
"FORMULA C/PICOLINATO CROMO 50MCGMAGNESIO DIMALAT 200MGEXTRATO CHA VERD 250MGMACA PERUANA (LE 1000MGCOMPLEXO B COMPL 0,03",9,21
SACHE FLOR DE LARANJEIRA,9,9
BRONCOS CAFE 41,9,9
CHA BRANCO REFRESCANTE BZ - ONU: 3082 - CL.RISCO: 9 - N.RISCO: 90 - G.EMB: III,9,9
CHAVPCLEF 122K FLY PAPRIKA,9,85
MOEDOR BR SPICES MIX ESPANHOL & PAELLA 90G,9,9
"CAFE NOVO MILENIO 250G 350X215 (0,020MM / P/ MET. / REVISAO)",9,9
CAPSULA 3 CORACAO CAFE EXPRESSO,9,9
3538KIT MATERNIDADE LEAO RN-P BLOOMS,9,61
CAIXA CHA 3 CORACOES 24X10X9,9,48
ESSENCIA PURA ALECRIM 20ML,9,33
CAFE PRONTO GARRAFA DESC 1 L,9,22
BK FLAVOR CAFE 30ML,9,33
IMPRESSO CURCUMA PREMIUM 600ML VERSO GHEE,9,21
ESS NEW CAFE EM GRAO 4355 50ML,9,9
CRAVO VERDE C/12,9,9
CAFE COMPLETO,9,9
AND208K - CAFE - N.39,9,9
CAMOMILA 20GR,9,9
MAYBELLI BAT CLR SENCAL MATE 407,9,33
CX. TERERE OUROPY 500 G COLOSSUS ICE BREAKERS,9,9
"CAFE TREVIZANI TRADICIONAL 500G 350X290 (0,012MM / P/ MET. / REVISAO)",9,9
CURCUMA KG,9,9
CAMOMILA 1 KG,9,9
CHA AROMA SAL AMONIACO 100GR,9,9
ERVA BRAVA,9,12
ESSENC. CRAVO & CANELA 149,9,33
DAKOTA BOTA FEM C/CURTO D0432 37 RISTRETTO RISTRETTO RISTRETTO,9,64
MANDIERVAS CHA BRANCO 10G,9,9
SUPORTE PRETO PARA CAPSULA DE CAFE SUPORTA ATE 24 CAPSULAS REF.SCAP002PT HAUSKRAFT,9,73
TERERE DTR030,9,9
CAFE CONTINENTAL,9,9
CAMOMILA 01 KILO,9,9
CHA KELLI CHAPEU DE COURO 20G,9,9
MOEDOR DE PIMENTA DO REINO EM GRAO OU SAL GROSSO MADEIRA 15 CM,9,44
"POTE G 1,5 L (ERVA MATE)",9,39
CURCUMA,9,9